{
"type": "FeatureCollection",
"name": "locations_cache",
"crs": { "type": "name", "properties": { "name": "urn:ogc:def:crs:OGC:1.3:CRS84" } },
"features": [
{ "type": "Feature", "properties": { "city": "Heilbronn", "address": "Heilbronn, Baden-Württemberg, Deutschland" }, "geometry": { "type": "Point", "coordinates": [ 9.218655, 49.142291 ] } },
{ "type": "Feature", "properties": { "city": "Toki, Gifu, Japan", "address": "土岐市, 岐阜県, 日本" }, "geometry": { "type": "Point", "coordinates": [ 137.1826232, 35.3524878 ] } },
{ "type": "Feature", "properties": { "city": "San Diego, California, United States", "address": "San Diego, California, United States" }, "geometry": { "type": "Point", "coordinates": [ -117.162772, 32.7174202 ] } },
{ "type": "Feature", "properties": { "city": "Princeton, New Jersey, United States", "address": "Princeton, New Jersey, United States" }, "geometry": { "type": "Point", "coordinates": [ -74.6597376, 40.3496953 ] } },
{ "type": "Feature", "properties": { "city": "Măgurele, Ilfov, Romania", "address": "Măgurele, România" }, "geometry": { "type": "Point", "coordinates": [ 26.0292694, 44.350196 ] } },
{ "type": "Feature", "properties": { "city": "Denver, Colorado, United States", "address": "Denver, Colorado, United States" }, "geometry": { "type": "Point", "coordinates": [ -104.984862, 39.7392364 ] } },
{ "type": "Feature", "properties": { "city": "Moscow, Russia", "address": "Москва, Москва, Россия" }, "geometry": { "type": "Point", "coordinates": [ 37.6174782, 55.7505412 ] } },
{ "type": "Feature", "properties": { "city": "Lausanne, Vaud, Switzerland", "address": "Lausanne, Vaud, Schweiz/Suisse/Svizzera/Svizra" }, "geometry": { "type": "Point", "coordinates": [ 6.6327025, 46.5218269 ] } },
{ "type": "Feature", "properties": { "city": "Cambridge, Massachusetts, United States", "address": "Massachusetts Institute of Technology, Broadway, 02238, Broadway, Cambridge, MA, United States" }, "geometry": { "type": "Point", "coordinates": [ -71.0966272, 42.3582529 ] } },
{ "type": "Feature", "properties": { "city": "Kyoto, Kyoto, Japan", "address": "京都市, 京都府, 日本" }, "geometry": { "type": "Point", "coordinates": [ 135.7681441, 35.0115754 ] } },
{ "type": "Feature", "properties": { "city": "Swansea, Wales, United Kingdom", "address": "Swansea, SA1 3BN, Cymru / Wales, United Kingdom" }, "geometry": { "type": "Point", "coordinates": [ -3.9459248, 51.6195955 ] } },
{ "type": "Feature", "properties": { "city": "Pasadena, California, United States", "address": "Pasadena, California, United States" }, "geometry": { "type": "Point", "coordinates": [ -118.144155, 34.1476507 ] } },
{ "type": "Feature", "properties": { "city": "Idaho Falls, Idaho, United States", "address": "Idaho Falls, Idaho, United States" }, "geometry": { "type": "Point", "coordinates": [ -112.03628, 43.4887907 ] } },
{ "type": "Feature", "properties": { "city": "Livermore, California, United States", "address": "Livermore, California, United States" }, "geometry": { "type": "Point", "coordinates": [ -121.768053, 37.6820583 ] } },
{ "type": "Feature", "properties": { "city": "Agia Paraskevi Attica, Greece", "address": "Αγία Παρασκευή, 153 42, Δήμος Αγίας Παρασκευής, Αποκεντρωμένη Διοίκηση Αττικής, Ελλάς" }, "geometry": { "type": "Point", "coordinates": [ 23.8226942, 38.0066759 ] } },
{ "type": "Feature", "properties": { "city": "Sofia, Bulgaria", "address": "София, София-град, Бългaрия" }, "geometry": { "type": "Point", "coordinates": [ 23.3217359, 42.6977028 ] } },
{ "type": "Feature", "properties": { "city": "Sheffield, South Yorkshire, United Kingdom", "address": "Sheffield, England, United Kingdom" }, "geometry": { "type": "Point", "coordinates": [ -1.4702278, 53.3806626 ] } },
{ "type": "Feature", "properties": { "city": "La Fontaine, Indiana, United States", "address": "La Fontaine, Indiana, United States" }, "geometry": { "type": "Point", "coordinates": [ -85.7213697, 40.6739309 ] } },
{ "type": "Feature", "properties": { "city": "Bonn, North Rhine-Westphalia, Germany", "address": "Flughafen Köln/Bonn, 12, Heinrich-Steinmann-Straße, 51147, Heinrich-Steinmann-Straße, Köln, Nordrhein-Westfalen, Deutschland" }, "geometry": { "type": "Point", "coordinates": [ 7.138961, 50.8677818 ] } },
{ "type": "Feature", "properties": { "city": "Himeji, Hyōgo, Japan", "address": "姫路市, 兵庫県, 日本" }, "geometry": { "type": "Point", "coordinates": [ 134.6854793, 34.8153529 ] } },
{ "type": "Feature", "properties": { "city": "Naka District, Ibaraki, Japan", "address": "那珂郡, 茨城県, 日本" }, "geometry": { "type": "Point", "coordinates": [ 140.5813973, 36.4616069 ] } },
{ "type": "Feature", "properties": { "city": "Urbana, Illinois, United States", "address": "University of Illinois Urbana-Champaign, 61801, Illinois, United States" }, "geometry": { "type": "Point", "coordinates": [ -88.2233134, 40.0761545 ] } },
{ "type": "Feature", "properties": { "city": "Ames, Iowa, United States", "address": "Iowa State University, University Boulevard Trail, 50011, University Boulevard Trail, Ames, IA, United States" }, "geometry": { "type": "Point", "coordinates": [ -93.6447375, 42.0279608 ] } },
{ "type": "Feature", "properties": { "city": "Rochester, New York, United States", "address": "Rochester, New York, United States" }, "geometry": { "type": "Point", "coordinates": [ -77.615214, 43.157285 ] } },
{ "type": "Feature", "properties": { "city": "Dublin, Ireland", "address": "Dublin, Éire / Ireland" }, "geometry": { "type": "Point", "coordinates": [ -6.2605593, 53.3493795 ] } },
{ "type": "Feature", "properties": { "city": "Brighton, New York, United States", "address": "Brighton Beach, New York, New York, United States" }, "geometry": { "type": "Point", "coordinates": [ -73.9611102, 40.5796437 ] } },
{ "type": "Feature", "properties": { "city": "Lexington, Kentucky, United States", "address": "Lexington, Kentucky, United States" }, "geometry": { "type": "Point", "coordinates": [ -84.4970393, 38.0464066 ] } },
{ "type": "Feature", "properties": { "city": "Albuquerque, New Mexico, United States", "address": "University Of New Mexico North Campus, Lomas Boulevard Northeast, 87131, Lomas Boulevard Northeast, Albuquerque, New Mexico, United States" }, "geometry": { "type": "Point", "coordinates": [ -106.6229378, 35.0928541 ] } },
{ "type": "Feature", "properties": { "city": "Turin, Italy", "address": "Torino, Piemonte, Italia" }, "geometry": { "type": "Point", "coordinates": [ 7.6824892, 45.0677551 ] } },
{ "type": "Feature", "properties": { "city": "Kaunas, Lithuania", "address": "Kaunas, Kauno apskritis, Lietuva" }, "geometry": { "type": "Point", "coordinates": [ 23.9044817, 54.8982139 ] } },
{ "type": "Feature", "properties": { "city": "Swarthmore, Pennsylvania, United States", "address": "Swarthmore College, 500, College Avenue, 19081, College Avenue, Swarthmore, Pennsylvania, United States" }, "geometry": { "type": "Point", "coordinates": [ -75.3552419, 39.9029154 ] } },
{ "type": "Feature", "properties": { "city": "Hefei, Anhui, People's Republic of China", "address": "中华人民共和国外交部, 吉市口路, 100004, 吉市口路, 北京市, 中国" }, "geometry": { "type": "Point", "coordinates": [ 116.4298848, 39.9217628 ] } },
{ "type": "Feature", "properties": { "city": "Nagoya, Aichi, Japan", "address": "名古屋市, 愛知県, 日本" }, "geometry": { "type": "Point", "coordinates": [ 136.899843800000014, 35.1851045 ] } },
{ "type": "Feature", "properties": { "city": "Baltimore, Maryland, United States", "address": "Baltimore, Maryland, United States" }, "geometry": { "type": "Point", "coordinates": [ -76.610759, 39.2908816 ] } },
{ "type": "Feature", "properties": { "city": "Hampton, Virginia, United States", "address": "Hampton, Virginia, United States" }, "geometry": { "type": "Point", "coordinates": [ -76.3442846, 37.0264414 ] } },
{ "type": "Feature", "properties": { "city": "North Bergen, New Jersey, United States", "address": "North Bergen, New Jersey, United States" }, "geometry": { "type": "Point", "coordinates": [ -74.012084, 40.8042674 ] } },
{ "type": "Feature", "properties": { "city": "Oxford, Oxfordshire, United Kingdom", "address": "Oxford, England, United Kingdom" }, "geometry": { "type": "Point", "coordinates": [ -1.2578499, 51.7520131 ] } },
{ "type": "Feature", "properties": { "city": "Moscow, Moscow Oblast, Russia", "address": "Московская область, Россия" }, "geometry": { "type": "Point", "coordinates": [ 38.0353929, 55.5043158 ] } },
{ "type": "Feature", "properties": { "city": "St. Petersburg, Russia", "address": "Санкт-Петербургский государственный университет, Филологический переулок, 199034, Филологический переулок, Санкт-Петербург, Санкт-Петербург, Россия" }, "geometry": { "type": "Point", "coordinates": [ 30.2964999, 59.9406782 ] } },
{ "type": "Feature", "properties": { "city": "Cadarache, Bouches-du-Rhône, France", "address": "Bassin d'Éclusées de Cadarache, 13115, Saint-Paul-lez-Durance, Provence-Alpes-Côte d'Azur, France" }, "geometry": { "type": "Point", "coordinates": [ 5.7398568, 43.7089124 ] } },
{ "type": "Feature", "properties": { "city": "Vienna, Austria", "address": "Wien, Österreich" }, "geometry": { "type": "Point", "coordinates": [ 16.3725042, 48.2083537 ] } },
{ "type": "Feature", "properties": { "city": "Brussels, Belgium", "address": "Bruxelles - Brussel, Région de Bruxelles-Capitale - Brussels Hoofdstedelijk Gewest, België / Belgique / Belgien" }, "geometry": { "type": "Point", "coordinates": [ 4.352493, 50.8467372 ] } },
{ "type": "Feature", "properties": { "city": "Ithaca, New York, United States", "address": "Ithaca, New York, United States" }, "geometry": { "type": "Point", "coordinates": [ -76.4968019, 42.4396039 ] } },
{ "type": "Feature", "properties": { "city": "São José dos Campos, São Paulo, Brazil", "address": "São José dos Campos, São Paulo, Brasil" }, "geometry": { "type": "Point", "coordinates": [ -45.8854538, -23.1867782 ] } },
{ "type": "Feature", "properties": { "city": "Glasgow, Scotland, United Kingdom", "address": "Glasgow, G2 1AL, Alba / Scotland, United Kingdom" }, "geometry": { "type": "Point", "coordinates": [ -4.2501687, 55.861155 ] } },
{ "type": "Feature", "properties": { "city": "Los Alamos, New Mexico, United States", "address": "Los Alamos, 87544, New Mexico, United States" }, "geometry": { "type": "Point", "coordinates": [ -106.298959, 35.88137 ] } },
{ "type": "Feature", "properties": { "city": "Mexico City, Mexico", "address": "Ciudad de México, México" }, "geometry": { "type": "Point", "coordinates": [ -99.1514678, 19.3207722 ] } },
{ "type": "Feature", "properties": { "city": "College Station, Texas, United States", "address": "Texas A&M University, 400, Bizzell Street, 77843, Bizzell Street, College Station, TX, United States" }, "geometry": { "type": "Point", "coordinates": [ -96.3520606, 30.6108618 ] } },
{ "type": "Feature", "properties": { "city": "Manchester, Greater Manchester, United Kingdom", "address": "Greater Manchester, England, United Kingdom" }, "geometry": { "type": "Point", "coordinates": [ -2.3374401, 53.5065249 ] } },
{ "type": "Feature", "properties": { "city": "Garching and Greifswald , Mecklenburg-Western Pomerania, Germany", "address": "Wild Western, 30, Schuhhagen, 17489, Schuhhagen, Greifswald, Mecklenburg-Vorpommern, Deutschland" }, "geometry": { "type": "Point", "coordinates": [ 13.3852349, 54.0957562 ] } },
{ "type": "Feature", "properties": { "city": "Madrid, Madrid, Spain", "address": "Madrid, Comunidad de Madrid, España" }, "geometry": { "type": "Point", "coordinates": [ -3.703507, 40.416782 ] } },
{ "type": "Feature", "properties": { "city": "Champaign, Illinois, United States", "address": "University of Illinois Urbana-Champaign, 61801, Illinois, United States" }, "geometry": { "type": "Point", "coordinates": [ -88.2233134, 40.0761545 ] } },
{ "type": "Feature", "properties": { "city": "Saskatoon, Saskatchewan , Canada", "address": "Saskatoon, Saskatchewan, Canada" }, "geometry": { "type": "Point", "coordinates": [ -106.660767, 52.131802 ] } },
{ "type": "Feature", "properties": { "city": "Sichuan, Sichuan, People's Republic of China", "address": "中医大·省医院, 中医学院跨线桥, 610072, 中医学院跨线桥, 成都市, 四川省, 中国" }, "geometry": { "type": "Point", "coordinates": [ 104.0382106, 30.6686006 ] } },
{ "type": "Feature", "properties": { "city": "Boulder, Colorado, United States", "address": "University of Colorado Boulder (Main Campus), Broadway Path, 80309, Broadway Path, Boulder, Colorado, United States" }, "geometry": { "type": "Point", "coordinates": [ -105.2664423, 40.0070061 ] } },
{ "type": "Feature", "properties": { "city": "Novosibirsk, Novosibirsk, Russia", "address": "Новосибирск, Новосибирская область, Россия" }, "geometry": { "type": "Point", "coordinates": [ 82.9226887, 55.0288307 ] } },
{ "type": "Feature", "properties": { "city": "Stuttgart, Baden-Württemberg, Germany", "address": "Stuttgart, Baden-Württemberg, Deutschland" }, "geometry": { "type": "Point", "coordinates": [ 9.1800132, 48.7784485 ] } },
{ "type": "Feature", "properties": { "city": "London, United Kingdom", "address": "London, England, United Kingdom" }, "geometry": { "type": "Point", "coordinates": [ -0.1277653, 51.5074456 ] } },
{ "type": "Feature", "properties": { "city": "Bristol, United Kingdom", "address": "Bristol, England, United Kingdom" }, "geometry": { "type": "Point", "coordinates": [ -2.5972985, 51.4538022 ] } },
{ "type": "Feature", "properties": { "city": "Zagreb, Zagreb, Croatia", "address": "Zagreb, Zagreb, Hrvatska" }, "geometry": { "type": "Point", "coordinates": [ 15.9622315, 45.8426414 ] } },
{ "type": "Feature", "properties": { "city": "Wuhan, Hubei, People's Republic of China", "address": "中华人民共和国外交部, 吉市口路, 100004, 吉市口路, 北京市, 中国" }, "geometry": { "type": "Point", "coordinates": [ 116.4298848, 39.9217628 ] } },
{ "type": "Feature", "properties": { "city": "Aglantzia, Cyprus", "address": "Αγλαντζιά, Κύπρος, Κύπρος - Kıbrıs" }, "geometry": { "type": "Point", "coordinates": [ 33.4002217, 35.1474032 ] } },
{ "type": "Feature", "properties": { "city": "Rome, Rome, Italy", "address": "Roma, Lazio, Italia" }, "geometry": { "type": "Point", "coordinates": [ 12.4829321, 41.8933203 ] } },
{ "type": "Feature", "properties": { "city": "Los Angeles, California, United States", "address": "Los Angeles, California, United States" }, "geometry": { "type": "Point", "coordinates": [ -118.242766, 34.0536909 ] } },
{ "type": "Feature", "properties": { "city": "Richland, Washington, United States", "address": "Richland, Washington, United States" }, "geometry": { "type": "Point", "coordinates": [ -119.275205, 46.2804298 ] } },
{ "type": "Feature", "properties": { "city": "Stockholm, Stockholm, Sweden", "address": "Stockholm, 111 29, Sverige" }, "geometry": { "type": "Point", "coordinates": [ 18.0710935, 59.3251172 ] } },
{ "type": "Feature", "properties": { "city": "Karlsruhe, Baden-Württemberg, Germany", "address": "Landesanstalt für Umwelt Baden-Württemberg (LUBW), 24, Bannwaldallee, 76185, Bannwaldallee, Karlsruhe, Baden-Württemberg, Deutschland" }, "geometry": { "type": "Point", "coordinates": [ 8.3667595, 49.0016469 ] } },
{ "type": "Feature", "properties": { "city": "Berkeley, California, United States", "address": "University of California, Berkeley, Ellsworth Street, 94701, Ellsworth Street, Berkeley, California, United States" }, "geometry": { "type": "Point", "coordinates": [ -122.2390685, 37.8754996 ] } },
{ "type": "Feature", "properties": { "city": "Richardson, Texas, United States", "address": "Richardson, Texas, United States" }, "geometry": { "type": "Point", "coordinates": [ -96.7297206, 32.9481789 ] } },
{ "type": "Feature", "properties": { "city": "College Park, Maryland, United States", "address": "University of Maryland, College Park, Metzerott Road, 20742, Metzerott Road, College Park, Maryland, United States" }, "geometry": { "type": "Point", "coordinates": [ -76.9438586, 38.9904124 ] } },
{ "type": "Feature", "properties": { "city": "Osaka, Japan", "address": "大阪市, 大阪府, 日本" }, "geometry": { "type": "Point", "coordinates": [ 135.5014539, 34.6937569 ] } },
{ "type": "Feature", "properties": { "city": "Budapest, Hungary", "address": "Budapest, Közép-Magyarország, Magyarország" }, "geometry": { "type": "Point", "coordinates": [ 19.0402383, 47.4978789 ] } },
{ "type": "Feature", "properties": { "city": "Dol pri Ljubljani, Slovenia", "address": "Dol pri Ljubljani, 1262, Slovenija" }, "geometry": { "type": "Point", "coordinates": [ 14.6415113, 46.0883398 ] } },
{ "type": "Feature", "properties": { "city": "Tartu, Estonia", "address": "Tartu, Eesti" }, "geometry": { "type": "Point", "coordinates": [ 26.7290023, 58.3779528 ] } },
{ "type": "Feature", "properties": { "city": "Abingdon-on-Thames, Oxfordshire, United Kingdom", "address": "Abingdon, OX14 3UJ, Vale of White Horse, England, United Kingdom" }, "geometry": { "type": "Point", "coordinates": [ -1.2779715, 51.6714842 ] } },
{ "type": "Feature", "properties": { "city": "Aiken, South Carolina, United States", "address": "Aiken, South Carolina, United States" }, "geometry": { "type": "Point", "coordinates": [ -81.6182086, 33.5723191 ] } },
{ "type": "Feature", "properties": { "city": "Liverpool, United Kingdom", "address": "Liverpool, England, United Kingdom" }, "geometry": { "type": "Point", "coordinates": [ -2.9166389, 53.3933411 ] } },
{ "type": "Feature", "properties": { "city": "Faedo Valtellino, Italy", "address": "Faedo Valtellino, 23020, Lombardia, Italia" }, "geometry": { "type": "Point", "coordinates": [ 9.9035957, 46.1415305 ] } },
{ "type": "Feature", "properties": { "city": "Tokyo, Tokyo Prefecture, Japan", "address": "テレビ東京, 16, 4, 530-0004, 4, 大阪市, 大阪府, 日本" }, "geometry": { "type": "Point", "coordinates": [ 135.4959988, 34.6952135 ] } },
{ "type": "Feature", "properties": { "city": "Lemont, Illinois, United States", "address": "Lemont, 60439, Illinois, United States" }, "geometry": { "type": "Point", "coordinates": [ -88.0016263, 41.6737149 ] } },
{ "type": "Feature", "properties": { "city": "Lisbon, Portugal", "address": "Lisboa, Portugal" }, "geometry": { "type": "Point", "coordinates": [ -9.1365919, 38.7077507 ] } },
{ "type": "Feature", "properties": { "city": "Rome, Italy", "address": "Roma, Lazio, Italia" }, "geometry": { "type": "Point", "coordinates": [ 12.4829321, 41.8933203 ] } },
{ "type": "Feature", "properties": { "city": "Birmingham, West Midlands, United Kingdom", "address": "Italian Vice-Consulate in Birmingham, Unit 2, Jennens Road, B7 4EH, Jennens Road, Birmingham, England, United Kingdom" }, "geometry": { "type": "Point", "coordinates": [ -1.8852081, 52.4867467 ] } },
{ "type": "Feature", "properties": { "city": "Palaiseau, France", "address": "Palaiseau, 91120, Île-de-France, France" }, "geometry": { "type": "Point", "coordinates": [ 2.2453842, 48.7144587 ] } },
{ "type": "Feature", "properties": { "city": "Warsaw, Masovian Voivodeship, Poland", "address": "Biblioteka Narodowa, 213, Aleja Niepodległości, 02-086, Aleja Niepodległości, Warszawa, województwo mazowieckie, Polska" }, "geometry": { "type": "Point", "coordinates": [ 21.0037346, 52.2138636 ] } },
{ "type": "Feature", "properties": { "city": "Oak Ridge, Tennessee, United States", "address": "Oak Ridge, Tennessee, United States" }, "geometry": { "type": "Point", "coordinates": [ -84.2696449, 36.0103562 ] } },
{ "type": "Feature", "properties": { "city": "Houston, Texas, United States", "address": "Houston, Texas, United States" }, "geometry": { "type": "Point", "coordinates": [ -95.3676974, 29.7589382 ] } },
{ "type": "Feature", "properties": { "city": "Golden, Colorado, United States", "address": "Golden, Colorado, United States" }, "geometry": { "type": "Point", "coordinates": [ -105.22058, 39.7546349 ] } },
{ "type": "Feature", "properties": { "city": "Stony Brook, New York, United States", "address": "Stony Brook University, 11794, Brookhaven, New York, United States" }, "geometry": { "type": "Point", "coordinates": [ -73.1215495, 40.9098832 ] } },
{ "type": "Feature", "properties": { "city": "Jülich, Kreis Düren, Rheinland, Germany", "address": "Jülich, 52428, Nordrhein-Westfalen, Deutschland" }, "geometry": { "type": "Point", "coordinates": [ 6.3611015, 50.9220931 ] } },
{ "type": "Feature", "properties": { "city": "Beijing, People's Republic of China", "address": "中华人民共和国外交部, 吉市口路, 100004, 吉市口路, 北京市, 中国" }, "geometry": { "type": "Point", "coordinates": [ 116.4298848, 39.9217628 ] } },
{ "type": "Feature", "properties": { "city": "Eindhoven, Netherlands", "address": "Eindhoven, Noord-Brabant, Nederland" }, "geometry": { "type": "Point", "coordinates": [ 5.478633, 51.4392648 ] } },
{ "type": "Feature", "properties": { "city": "Kongens Lyngby, Lyngby-Taarbæk Kommune, Denmark", "address": "Kongens Lyngby, 2800, Region Hovedstaden, Danmark" }, "geometry": { "type": "Point", "coordinates": [ 12.5051413, 55.7718649 ] } },
{ "type": "Feature", "properties": { "city": "Kharkiv, Ukraine", "address": "Харків, Харківська область, Україна" }, "geometry": { "type": "Point", "coordinates": [ 36.2310146, 49.9923181 ] } },
{ "type": "Feature", "properties": { "city": "Viterbo, Lazio, Italy", "address": "Viterbo, Lazio, Italia" }, "geometry": { "type": "Point", "coordinates": [ 11.9488136, 42.4929522 ] } },
{ "type": "Feature", "properties": { "city": "Seville, Andalusia, Spain", "address": "Sevilla, Andalucía, España" }, "geometry": { "type": "Point", "coordinates": [ -5.9953403, 37.3886303 ] } },
{ "type": "Feature", "properties": { "city": "Riga, Latvia", "address": "Latvijas Nacionālā bibliotēka, 3, Mūkusalas iela, LV-1048, Mūkusalas iela, Rīga, Latvija" }, "geometry": { "type": "Point", "coordinates": [ 24.0967724, 56.9410379 ] } },
{ "type": "Feature", "properties": { "city": "Hod HaSharon, Central District, Israel", "address": "הוד השרון, מחוז המרכז, ישראל" }, "geometry": { "type": "Point", "coordinates": [ 34.8930354, 32.1561974 ] } },
{ "type": "Feature", "properties": { "city": "Washington D.C., District of Columbia, United States", "address": "Washington, District of Columbia, United States" }, "geometry": { "type": "Point", "coordinates": [ -77.0363849, 38.8950982 ] } },
{ "type": "Feature", "properties": { "city": "Enumclaw, Washington, United States", "address": "Enumclaw, 98022, Washington, United States" }, "geometry": { "type": "Point", "coordinates": [ -121.9916371, 47.2047793 ] } },
{ "type": "Feature", "properties": { "city": "Milton Keynes, Buckinghamshire, United Kingdom", "address": "Milton Keynes, England, United Kingdom" }, "geometry": { "type": "Point", "coordinates": [ -0.7594092, 52.0406502 ] } },
{ "type": "Feature", "properties": { "city": "Malvern, Pennsylvania, United States", "address": "Vanguard Malvern Campus, Admiral Nelson Drive, 19355, Admiral Nelson Drive, Tredyffrin Township, Pennsylvania, United States" }, "geometry": { "type": "Point", "coordinates": [ -75.505871, 40.0521503 ] } },
{ "type": "Feature", "properties": { "city": "Santa Fe, New Mexico, United States", "address": "Santa Fe, New Mexico, United States" }, "geometry": { "type": "Point", "coordinates": [ -105.938456, 35.6876096 ] } },
{ "type": "Feature", "properties": { "city": "Shanghai, People's Republic of China", "address": "中华人民共和国遵义海关, 北海路, 北海路, 遵义市, 贵州省, 中国" }, "geometry": { "type": "Point", "coordinates": [ 106.9146623, 27.7159247 ] } },
{ "type": "Feature", "properties": { "city": "Broomfield, Colorado, United States", "address": "Broomfield, Colorado, United States" }, "geometry": { "type": "Point", "coordinates": [ -105.05208, 39.9403995 ] } },
{ "type": "Feature", "properties": { "city": "Everett, Washington, United States", "address": "Everett, Washington, United States" }, "geometry": { "type": "Point", "coordinates": [ -122.2127011, 47.9793437 ] } },
{ "type": "Feature", "properties": { "city": "Goleta, California, United States", "address": "Goleta, California, United States" }, "geometry": { "type": "Point", "coordinates": [ -119.8276389, 34.4358295 ] } },
{ "type": "Feature", "properties": { "city": "Pickering, Ontario, Canada", "address": "Pickering, Ontario, Canada" }, "geometry": { "type": "Point", "coordinates": [ -79.090576, 43.835765 ] } },
{ "type": "Feature", "properties": { "city": "Leyburn, England, United Kingdom", "address": "Leyburn, England, United Kingdom" }, "geometry": { "type": "Point", "coordinates": [ -1.8295708, 54.3098083 ] } },
{ "type": "Feature", "properties": { "city": "Darmstadt, Hesse, Germany", "address": "Darmstadt, Hessen, Deutschland" }, "geometry": { "type": "Point", "coordinates": [ 8.651177, 49.872775 ] } },
{ "type": "Feature", "properties": { "city": "Shanghai, Shanghai, People's Republic of China", "address": "中华人民共和国遵义海关, 北海路, 北海路, 遵义市, 贵州省, 中国" }, "geometry": { "type": "Point", "coordinates": [ 106.9146623, 27.7159247 ] } },
{ "type": "Feature", "properties": { "city": "Garching bei München, Bavaria, Germany", "address": "Garching bei München, 85748, Bayern, Deutschland" }, "geometry": { "type": "Point", "coordinates": [ 11.6509662, 48.2513878 ] } },
{ "type": "Feature", "properties": { "city": "Wellington, New Zealand", "address": "Museum of New Zealand Te Papa Tongarewa, 55, Cable Street, 6011, Cable Street, Wellington, Wellington, New Zealand / Aotearoa" }, "geometry": { "type": "Point", "coordinates": [ 174.7819275, -41.2903326 ] } },
{ "type": "Feature", "properties": { "city": "Devens, Massachusetts, United States", "address": "Devens, 01434, Harvard, Massachusetts, United States" }, "geometry": { "type": "Point", "coordinates": [ -71.6094356, 42.5389512 ] } },
{ "type": "Feature", "properties": { "city": "Munich, Bavaria, Germany", "address": "München, Bayern, Deutschland" }, "geometry": { "type": "Point", "coordinates": [ 11.5753822, 48.1371079 ] } },
{ "type": "Feature", "properties": { "city": "Janesville, Wisconsin, United States", "address": "Janesville, Wisconsin, United States" }, "geometry": { "type": "Point", "coordinates": [ -89.0226793, 42.6829765 ] } },
{ "type": "Feature", "properties": { "city": "Bengaluru, Karnataka, India", "address": "Bengaluru, Karnataka, India" }, "geometry": { "type": "Point", "coordinates": [ 77.590082, 12.9767936 ] } },
{ "type": "Feature", "properties": { "city": "San Leandro, California, United States", "address": "San Leandro, California, United States" }, "geometry": { "type": "Point", "coordinates": [ -122.1560768, 37.7249296 ] } },
{ "type": "Feature", "properties": { "city": "Bordeaux, Gironde, France", "address": "Bordeaux, 33000;33100;33200;33300;33800, Nouvelle-Aquitaine, France" }, "geometry": { "type": "Point", "coordinates": [ -0.5800364, 44.841225 ] } },
{ "type": "Feature", "properties": { "city": "Foothill Ranch, California, United States", "address": "Foothill Ranch, 92610, Lake Forest, California, United States" }, "geometry": { "type": "Point", "coordinates": [ -117.662249, 33.6837644 ] } },
{ "type": "Feature", "properties": { "city": "Chantilly, Virginia, United States", "address": "Chantilly, 20153, Virginia, United States" }, "geometry": { "type": "Point", "coordinates": [ -77.4311513, 38.8941543 ] } },
{ "type": "Feature", "properties": { "city": "Solana Beach, California, United States", "address": "Solana Beach, 92075, California, United States" }, "geometry": { "type": "Point", "coordinates": [ -117.2678124, 32.9919141 ] } },
{ "type": "Feature", "properties": { "city": "Xi'an, Shaanxi, People's Republic of China", "address": "中国人民解放军火箭军工程大学, 2, 同心路, 同心路, 西安市, 陕西省, 中国" }, "geometry": { "type": "Point", "coordinates": [ 109.1243526, 34.3120311 ] } },
{ "type": "Feature", "properties": { "city": "Gurgoan, Haryana, India", "address": "Yadav Hospital, Gurgoan, Sector 10A Road, 122001, Sector 10A Road, Gurgaon, Haryana, India" }, "geometry": { "type": "Point", "coordinates": [ 77.0031618, 28.4432185 ] } },
{ "type": "Feature", "properties": { "city": "Richmond, British Columbia, Canada", "address": "Richmond, British Columbia, Canada" }, "geometry": { "type": "Point", "coordinates": [ -123.137414, 49.163168 ] } },
{ "type": "Feature", "properties": { "city": "Madison, Wisconsin, United States", "address": "University of Wisconsin-Madison, Owen Trail, 53792, Owen Trail, Madison, Wisconsin, United States" }, "geometry": { "type": "Point", "coordinates": [ -89.4309587, 43.0802745 ] } },
{ "type": "Feature", "properties": { "city": "Grono, Grisons, Switzerland", "address": "Grono, 6537, Graubünden/Grigioni/Grischun, Schweiz/Suisse/Svizzera/Svizra" }, "geometry": { "type": "Point", "coordinates": [ 9.1458622, 46.2473782 ] } },
{ "type": "Feature", "properties": { "city": "Fontaine, Auvergne-Rhône-Alpes, France", "address": "Fontaine, 38600, Auvergne-Rhône-Alpes, France" }, "geometry": { "type": "Point", "coordinates": [ 5.6869624, 45.1950183 ] } },
{ "type": "Feature", "properties": { "city": "Del Mar, California, United States", "address": "Del Mar, California, United States" }, "geometry": { "type": "Point", "coordinates": [ -117.2653146, 32.9594891 ] } },
{ "type": "Feature", "properties": { "city": "Sarasota, Florida, United States", "address": "Sarasota, Florida, United States" }, "geometry": { "type": "Point", "coordinates": [ -82.5308545, 27.3365805 ] } },
{ "type": "Feature", "properties": { "city": "San Francisco, California, United States", "address": "San Francisco, California, United States" }, "geometry": { "type": "Point", "coordinates": [ -122.4075201, 37.7879363 ] } },
{ "type": "Feature", "properties": { "city": "Aix-en-Provence, Bouches-du-Rhône, France", "address": "Aix-en-Provence, 13090;13100;13080;13290;13540, Provence-Alpes-Côte d'Azur, France" }, "geometry": { "type": "Point", "coordinates": [ 5.4474738, 43.5298424 ] } },
{ "type": "Feature", "properties": { "city": "Fremont, California, United States", "address": "Fremont, California, United States" }, "geometry": { "type": "Point", "coordinates": [ -121.988571, 37.5482697 ] } },
{ "type": "Feature", "properties": { "city": "Hayward, California, United States", "address": "Hayward, California, United States" }, "geometry": { "type": "Point", "coordinates": [ -122.080796, 37.6688205 ] } },
{ "type": "Feature", "properties": { "city": "Middlesex, New Jersey, United States", "address": "Rutgers University, South 2nd Avenue, 08904, South 2nd Avenue, Highland Park, New Jersey, United States" }, "geometry": { "type": "Point", "coordinates": [ -74.4645303, 40.5204169 ] } },
{ "type": "Feature", "properties": { "city": "Sydney, New South Wales, Australia", "address": "Sydney, New South Wales, Australia" }, "geometry": { "type": "Point", "coordinates": [ 151.2082848, -33.8698439 ] } },
{ "type": "Feature", "properties": { "city": "Longmont, Colorado, United States", "address": "Longmont, Colorado, United States" }, "geometry": { "type": "Point", "coordinates": [ -105.101928, 40.1672117 ] } },
{ "type": "Feature", "properties": { "city": "Langfang, Hebei, People's Republic of China", "address": "中华人民共和国外交部, 吉市口路, 100004, 吉市口路, 北京市, 中国" }, "geometry": { "type": "Point", "coordinates": [ 116.4298848, 39.9217628 ] } },
{ "type": "Feature", "properties": { "city": "Tustin, California, United States", "address": "Tustin, California, United States" }, "geometry": { "type": "Point", "coordinates": [ -117.826166, 33.7458511 ] } },
{ "type": "Feature", "properties": { "city": null, "address": "Nantes, 44000;44100;44200;44300, Pays de la Loire, France" }, "geometry": { "type": "Point", "coordinates": [ -1.5541362, 47.2186371 ] } },
{ "type": "Feature", "properties": { "city": "Didcot, England, United Kingdom", "address": "Didcot, South Oxfordshire, England, United Kingdom" }, "geometry": { "type": "Point", "coordinates": [ -1.245999, 51.6063587 ] } },
{ "type": "Feature", "properties": { "city": "An Nhon, Binh Dinh, Vietnam", "address": "Dự án nhà khách của tỉnh Bình Định, Quy Nhơn Nam, Gia Lai, Việt Nam" }, "geometry": { "type": "Point", "coordinates": [ 109.2158685, 13.7537149 ] } },
{ "type": "Feature", "properties": { "city": "New Delhi, Delhi Division, India", "address": "British Council Division, 17, Kasturba Gandhi Marg, 110001, Kasturba Gandhi Marg, New Delhi, India" }, "geometry": { "type": "Point", "coordinates": [ 77.2223994, 28.6269199 ] } },
{ "type": "Feature", "properties": { "city": "Pino Torinese, Piedmont, Italy", "address": "Pino Torinese, 10025, Piemonte, Italia" }, "geometry": { "type": "Point", "coordinates": [ 7.777125, 45.039547 ] } },
{ "type": "Feature", "properties": { "city": "Zhuhai, Guangdong Province, China", "address": "珠海市, 广东省, 中国" }, "geometry": { "type": "Point", "coordinates": [ 113.5721327, 22.273734 ] } },
{ "type": "Feature", "properties": { "city": "Vijayawada, Andhra Pradesh, India", "address": "Vijayawada, 520001, Andhra Pradesh, India" }, "geometry": { "type": "Point", "coordinates": [ 80.6160469, 16.5115306 ] } },
{ "type": "Feature", "properties": { "city": "Lowell, Michigan, United States", "address": "Lowell Charter Township, 49331, Michigan, United States" }, "geometry": { "type": "Point", "coordinates": [ -85.3710101, 42.8855418 ] } },
{ "type": "Feature", "properties": { "city": "Ludhiana, Punjab, India", "address": "Ludhiana, 141001, Punjab, India" }, "geometry": { "type": "Point", "coordinates": [ 75.851601, 30.9090157 ] } },
{ "type": "Feature", "properties": { "city": "Comberton, England, United Kingdom", "address": "Comberton, South Cambridgeshire, England, United Kingdom" }, "geometry": { "type": "Point", "coordinates": [ 0.0220698, 52.186461 ] } },
{ "type": "Feature", "properties": { "city": "Barcelona, Catalonia, Spain", "address": "Barcelona, Catalunya, España" }, "geometry": { "type": "Point", "coordinates": [ 2.177073, 41.3825802 ] } },
{ "type": "Feature", "properties": { "city": "Watertown, Massachusetts, United States", "address": "Watertown, Massachusetts, United States" }, "geometry": { "type": "Point", "coordinates": [ -71.1843234, 42.3652576 ] } },
{ "type": "Feature", "properties": { "city": "North Augusta, South Carolina, United States", "address": "North Augusta, 29841, South Carolina, United States" }, "geometry": { "type": "Point", "coordinates": [ -81.9705909, 33.4943487 ] } },
{ "type": "Feature", "properties": { "city": "Roseville, Michigan, United States", "address": "Roseville, 48066, Michigan, United States" }, "geometry": { "type": "Point", "coordinates": [ -82.9371409, 42.4972583 ] } },
{ "type": "Feature", "properties": { "city": "65440, Occitanie, France", "address": "65440, Ancizan, Occitanie, France" }, "geometry": { "type": "Point", "coordinates": [ 0.283955226410581, 42.899173623712166 ] } },
{ "type": "Feature", "properties": { "city": "Mumbai, Maharashtra, India", "address": "Mumbai, 400051, Maharashtra, India" }, "geometry": { "type": "Point", "coordinates": [ 72.8692035, 19.054999 ] } },
{ "type": "Feature", "properties": { "city": "Charlotte, North Carolina, United States", "address": "Charlotte, North Carolina, United States" }, "geometry": { "type": "Point", "coordinates": [ -80.8430827, 35.2272086 ] } },
{ "type": "Feature", "properties": { "city": "Viareggio, Tuscany, Italy", "address": "Viareggio, 55049, Toscana, Italia" }, "geometry": { "type": "Point", "coordinates": [ 10.2506055, 43.8672392 ] } },
{ "type": "Feature", "properties": { "city": "Kearny, New Jersey, United States", "address": "Kearny, 07032, New Jersey, United States" }, "geometry": { "type": "Point", "coordinates": [ -74.1454214, 40.7684342 ] } },
{ "type": "Feature", "properties": { "city": "Indianapolis, Indiana, United States", "address": "Indianapolis, Indiana, United States" }, "geometry": { "type": "Point", "coordinates": [ -86.1583502, 39.7683331 ] } },
{ "type": "Feature", "properties": { "city": "Rourkela, Odisha, India", "address": "Rourkela, 769002, Odisha, India" }, "geometry": { "type": "Point", "coordinates": [ 84.8678705, 22.2309255 ] } },
{ "type": "Feature", "properties": { "city": "Sao Paulo, State of Sao Paulo, Brazil", "address": "Pinacoteca do Estado de São Paulo, 2, Praça da Luz, 01120-010, Praça da Luz, São Paulo, São Paulo, Brasil" }, "geometry": { "type": "Point", "coordinates": [ -46.6339157, -23.534274 ] } },
{ "type": "Feature", "properties": { "city": "Nakatsugawa, Gifu, Japan", "address": "中津川市役所, 国道19号, 508-0001, 国道19号, 中津川市, 岐阜県, 日本" }, "geometry": { "type": "Point", "coordinates": [ 137.50062, 35.487545 ] } },
{ "type": "Feature", "properties": { "city": "Villeurbanne, Auvergne-Rhone-Alpes, France", "address": "Villeurbanne, 69100, Auvergne-Rhône-Alpes, France" }, "geometry": { "type": "Point", "coordinates": [ 4.8796267, 45.7660581 ] } },
{ "type": "Feature", "properties": { "city": "Ouagadougou, Centre Region, Burkina Faso", "address": "Hôtel administratif de l'Etat dans la region du centre, Avenue de l'UEMOA, Avenue de l'UEMOA, Ouagadougou, Centre, Burkina Faso" }, "geometry": { "type": "Point", "coordinates": [ -1.5152021, 12.3579828 ] } },
{ "type": "Feature", "properties": { "city": "Chennai, Tamil Nadu, India", "address": "tamil Nadu Open university, NCSCM Rd, 600025, NCSCM Rd, Chennai, Tamil Nadu, India" }, "geometry": { "type": "Point", "coordinates": [ 80.2327816, 13.0098474 ] } },
{ "type": "Feature", "properties": { "city": "Roanoke Rapids, North Carolina, United States", "address": "Roanoke Rapids, North Carolina, United States" }, "geometry": { "type": "Point", "coordinates": [ -77.6573514, 36.4558016 ] } },
{ "type": "Feature", "properties": { "city": "Modesto, California, United States", "address": "Modesto, California, United States" }, "geometry": { "type": "Point", "coordinates": [ -120.9968892, 37.6393419 ] } },
{ "type": "Feature", "properties": { "city": "Guymon, Oklahoma, United States", "address": "Guymon, Oklahoma, United States" }, "geometry": { "type": "Point", "coordinates": [ -101.4814241, 36.6814131 ] } },
{ "type": "Feature", "properties": { "city": "Buenos Aires, Buenos Aires, Argentina", "address": "Buenos Aires, Ciudad Autónoma de Buenos Aires, Argentina" }, "geometry": { "type": "Point", "coordinates": [ -58.3887904, -34.6095579 ] } },
{ "type": "Feature", "properties": { "city": "Najaf, Najaf Governorate, Iraq", "address": "POS - Najaf - AL BASHER MARKET, شارع الغدير فرات, 54001, شارع الغدير فرات, najaf governorate, مرقد الامام علي, العراق" }, "geometry": { "type": "Point", "coordinates": [ 44.3531658, 32.0117338 ] } },
{ "type": "Feature", "properties": { "city": "Shibuya, Tokyo, Japan", "address": "渋谷区, 東京都, 日本" }, "geometry": { "type": "Point", "coordinates": [ 139.696495199999987, 35.6633709 ] } },
{ "type": "Feature", "properties": { "city": "Birmingham, England, United Kingdom", "address": "Italian Vice-Consulate in Birmingham, Unit 2, Jennens Road, B7 4EH, Jennens Road, Birmingham, England, United Kingdom" }, "geometry": { "type": "Point", "coordinates": [ -1.8852081, 52.4867467 ] } },
{ "type": "Feature", "properties": { "city": "Fitchburg, Wisconsin, United States", "address": "Fitchburg, Wisconsin, United States" }, "geometry": { "type": "Point", "coordinates": [ -89.423817, 43.0020919 ] } },
{ "type": "Feature", "properties": { "city": "Tianjin, Tianjin, China", "address": "天津市, 300061, 河西区, 天津, 中国" }, "geometry": { "type": "Point", "coordinates": [ 117.1956724, 39.0844897 ] } },
{ "type": "Feature", "properties": { "city": "Hanoi, Hanoi, Vietnam", "address": "Hà Nội, Việt Nam" }, "geometry": { "type": "Point", "coordinates": [ 105.854041, 21.0283334 ] } },
{ "type": "Feature", "properties": { "city": "Dorsten, North Rhine-Westphalia, Germany", "address": "Dorsten, Nordrhein-Westfalen, Deutschland" }, "geometry": { "type": "Point", "coordinates": [ 6.9647431, 51.6604071 ] } },
{ "type": "Feature", "properties": { "city": "Kolkata, West Bengal, India", "address": "Kolkata, West Bengal, India" }, "geometry": { "type": "Point", "coordinates": [ 88.3638953, 22.5726459 ] } },
{ "type": "Feature", "properties": { "city": "Rawalpindi, Punjab, Pakistan", "address": "راولپنڈی, 23451, راولپنڈی چھاؤنی, پنجاب, پاکستان" }, "geometry": { "type": "Point", "coordinates": [ 73.053721, 33.5915446 ] } },
{ "type": "Feature", "properties": { "city": "Dubai, Dubai, United Arab Emirates", "address": "دبي, إمارة دبي, الإمارات العربية المتحدة" }, "geometry": { "type": "Point", "coordinates": [ 55.1885387, 25.0742823 ] } },
{ "type": "Feature", "properties": { "city": "Evanston, Illinois, United States", "address": "Evanston, Sheridan Road, 60208, Sheridan Road, Evanston, Illinois, United States" }, "geometry": { "type": "Point", "coordinates": [ -87.682932, 42.0693991 ] } },
{ "type": "Feature", "properties": { "city": "Monterotondo, Lazio, Italy", "address": "Monterotondo, 00015, Lazio, Italia" }, "geometry": { "type": "Point", "coordinates": [ 12.6183967, 42.0517987 ] } },
{ "type": "Feature", "properties": { "city": "Coquille, Oregon, United States", "address": "Coquille, Oregon, United States" }, "geometry": { "type": "Point", "coordinates": [ -124.187608, 43.177055 ] } },
{ "type": "Feature", "properties": { "city": "Inglis, Florida, United States", "address": "Inglis, Florida, United States" }, "geometry": { "type": "Point", "coordinates": [ -82.6687161, 29.0302514 ] } },
{ "type": "Feature", "properties": { "city": "West Springfield, Virginia, United States", "address": "West Springfield, 22152, West Springfield, Virginia, United States" }, "geometry": { "type": "Point", "coordinates": [ -77.2253673, 38.775844 ] } },
{ "type": "Feature", "properties": { "city": "London, England, United Kingdom", "address": "London, England, United Kingdom" }, "geometry": { "type": "Point", "coordinates": [ -0.1277653, 51.5074456 ] } },
{ "type": "Feature", "properties": { "city": "Ningbo, Zhejiang, China", "address": "宁波市, 浙江省, 中国" }, "geometry": { "type": "Point", "coordinates": [ 121.6203873, 29.8622194 ] } },
{ "type": "Feature", "properties": { "city": "Martin, Tennessee, United States", "address": "University of Tennessee at Martin, Hurt Street, 38237, Hurt Street, Martin, Tennessee, United States" }, "geometry": { "type": "Point", "coordinates": [ -88.8642273, 36.3414523 ] } },
{ "type": "Feature", "properties": { "city": "Bryan, Texas, United States", "address": "Bryan, Texas, United States" }, "geometry": { "type": "Point", "coordinates": [ -96.3699632, 30.6743643 ] } },
{ "type": "Feature", "properties": { "city": "Toba, Mie, Japan", "address": "鳥羽市, 517-0011, 三重県, 日本" }, "geometry": { "type": "Point", "coordinates": [ 136.843472100000014, 34.4812985 ] } },
{ "type": "Feature", "properties": { "city": "Bordeaux, Nouvelle-Aquitaine, France", "address": "Bordeaux, 33000;33100;33200;33300;33800, Nouvelle-Aquitaine, France" }, "geometry": { "type": "Point", "coordinates": [ -0.5800364, 44.841225 ] } },
{ "type": "Feature", "properties": { "city": "Vinh, Nghe An, Vietnam", "address": "Đường sắt cao tốc Bắc-Nam (Đoạn Hà Nội - Vinh), Đường Thanh Niên, Đường Thanh Niên, Quỳnh Mai, Nghệ An, Việt Nam" }, "geometry": { "type": "Point", "coordinates": [ 105.6930846, 19.2732647 ] } },
{ "type": "Feature", "properties": { "city": "Paris, Ile-de-France, France", "address": "Paris, Île-de-France, France" }, "geometry": { "type": "Point", "coordinates": [ 2.3483915, 48.8534951 ] } },
{ "type": "Feature", "properties": { "city": "El Callao, Bolivar, Venezuela", "address": "El Callao, 8056, Bolívar, Venezuela" }, "geometry": { "type": "Point", "coordinates": [ -61.8331903, 7.3473611 ] } },
{ "type": "Feature", "properties": { "city": "Grindsted, Region of Southern Denmark, Denmark", "address": "Grindsted, 7200, Region Syddanmark, Danmark" }, "geometry": { "type": "Point", "coordinates": [ 8.9277576, 55.7570833 ] } },
{ "type": "Feature", "properties": { "city": "Suffolk, Virginia, United States", "address": "Suffolk, Virginia, United States" }, "geometry": { "type": "Point", "coordinates": [ -76.5834683, 36.7281341 ] } },
{ "type": "Feature", "properties": { "city": "Everett, Massachusetts, United States", "address": "Everett, 02149, Massachusetts, United States" }, "geometry": { "type": "Point", "coordinates": [ -71.0542002, 42.4085897 ] } },
{ "type": "Feature", "properties": { "city": "Minato City, Tokyo, Japan", "address": "汐留シティセンター, ライトタワープラザ, 105-0021, ライトタワープラザ, 東京都, 日本" }, "geometry": { "type": "Point", "coordinates": [ 139.7610048, 35.6653726 ] } },
{ "type": "Feature", "properties": { "city": "Yantai, Shandong, China", "address": "烟台市, 264000, 山东省, 中国" }, "geometry": { "type": "Point", "coordinates": [ 121.4425255, 37.461928 ] } },
{ "type": "Feature", "properties": { "city": "Tirana, Albania", "address": "Tiranë, 1001-1028, Shqipëria Qendrore, Shqipëria" }, "geometry": { "type": "Point", "coordinates": [ 19.8184435, 41.3281482 ] } },
{ "type": "Feature", "properties": { "city": "Suzhou, Jiangsu, China", "address": "中国科学技术大学苏州研究院（仁爱路校园）, 188号, 仁爱路, 215123, 仁爱路, 苏州工业园区直属镇, 江苏省, 中国" }, "geometry": { "type": "Point", "coordinates": [ 120.7237629, 31.2787148 ] } },
{ "type": "Feature", "properties": { "city": "Santa Clara, California, United States", "address": "Santa Clara, California, United States" }, "geometry": { "type": "Point", "coordinates": [ -121.6846349, 37.2333253 ] } },
{ "type": "Feature", "properties": { "city": "Hendersonville, Tennessee, United States", "address": "Hendersonville, Tennessee, United States" }, "geometry": { "type": "Point", "coordinates": [ -86.621443, 36.3049177 ] } },
{ "type": "Feature", "properties": { "city": "Savannah, Georgia, United States", "address": "Savannah, Georgia, United States" }, "geometry": { "type": "Point", "coordinates": [ -81.0921335, 32.0790074 ] } },
{ "type": "Feature", "properties": { "city": "Toronto, Ontario, Canada", "address": "Toronto, Ontario, Canada" }, "geometry": { "type": "Point", "coordinates": [ -79.3839347, 43.6534817 ] } },
{ "type": "Feature", "properties": { "city": "Eichstatt, Bavaria, Germany", "address": "Landkreis Eichstätt, Bayern, Deutschland" }, "geometry": { "type": "Point", "coordinates": [ 11.3895058, 48.9102012 ] } },
{ "type": "Feature", "properties": { "city": "Naples, Campania, Italy", "address": "ISTAT Ufficio Regionale Campania, 5, Vicoletto Chiaia, 80121, Vicoletto Chiaia, Napoli, Campania, Italia" }, "geometry": { "type": "Point", "coordinates": [ 14.2456251, 40.836314 ] } },
{ "type": "Feature", "properties": { "city": "Franklin, Tennessee, United States", "address": "Franklin, Tennessee, United States" }, "geometry": { "type": "Point", "coordinates": [ -86.8689419, 35.925206 ] } },
{ "type": "Feature", "properties": { "city": "Oyama, Tochigi, Japan", "address": "小山市, 栃木県, 日本" }, "geometry": { "type": "Point", "coordinates": [ 139.8006952, 36.315537 ] } },
{ "type": "Feature", "properties": { "city": "Bari, Apulia, Italy", "address": "Apulia Film Commission - Bari, Viale Ionio, 70123, Viale Ionio, Bari, Puglia, Italia" }, "geometry": { "type": "Point", "coordinates": [ 16.8386141, 41.1371421 ] } },
{ "type": "Feature", "properties": { "city": "Nairobi, Nairobi County, Kenya", "address": "Nairobi, Nairobi, Kenya" }, "geometry": { "type": "Point", "coordinates": [ 36.8288509, -1.302398 ] } },
{ "type": "Feature", "properties": { "city": "Carcassonne, Occitanie, France", "address": "Carcassonne, 11000, Occitanie, France" }, "geometry": { "type": "Point", "coordinates": [ 2.3491069, 43.2130358 ] } },
{ "type": "Feature", "properties": { "city": "Penza, Penza Oblast, Russia", "address": "Пензенская область, Россия" }, "geometry": { "type": "Point", "coordinates": [ 44.7879181, 53.1655415 ] } },
{ "type": "Feature", "properties": { "city": "Ardmore, Pennsylvania, United States", "address": "Ardmore, 19003, Lower Merion Township, Pennsylvania, United States" }, "geometry": { "type": "Point", "coordinates": [ -75.2882893, 40.004128 ] } },
{ "type": "Feature", "properties": { "city": "Huancayo, Junin, Peru", "address": "Huancayo, 12001, Huancayo, Junin, Perú" }, "geometry": { "type": "Point", "coordinates": [ -75.2100953, -12.068098 ] } },
{ "type": "Feature", "properties": { "city": "Paraparaumu, Wellington Region, New Zealand", "address": "Paraparaumu, 5032, Wellington, New Zealand / Aotearoa" }, "geometry": { "type": "Point", "coordinates": [ 175.0061963, -40.9144636 ] } },
{ "type": "Feature", "properties": { "city": "Suginami City, Tokyo, Japan", "address": "杉並区役所前, 中杉通り, 166-0004, 中杉通り, 東京都, 日本" }, "geometry": { "type": "Point", "coordinates": [ 139.6355299, 35.6994974 ] } },
{ "type": "Feature", "properties": { "city": "Abingdon, England, United Kingdom", "address": "Abingdon, OX14 3UJ, Vale of White Horse, England, United Kingdom" }, "geometry": { "type": "Point", "coordinates": [ -1.2779715, 51.6714842 ] } },
{ "type": "Feature", "properties": { "city": "Marysville, Ohio, United States", "address": "Marysville, Ohio, United States" }, "geometry": { "type": "Point", "coordinates": [ -83.3671432, 40.2364486 ] } },
{ "type": "Feature", "properties": { "city": "Leicester, England, United Kingdom", "address": "Leicester, LE1 5YA, England, United Kingdom" }, "geometry": { "type": "Point", "coordinates": [ -1.1331969, 52.6362 ] } },
{ "type": "Feature", "properties": { "city": "Kuala Lumpur, Federal Territory of Kuala Lumpur, Malaysia", "address": "Federal Territory of Kuala Lumpur, Malaysia" }, "geometry": { "type": "Point", "coordinates": [ 101.7022205, 3.1526589 ] } },
{ "type": "Feature", "properties": { "city": "China", "address": "中国, 中国" }, "geometry": { "type": "Point", "coordinates": [ 104.999927, 35.000074 ] } },
{ "type": "Feature", "properties": { "city": "Melbourne, Victoria, Australia", "address": "Melbourne, Victoria, Australia" }, "geometry": { "type": "Point", "coordinates": [ 144.9631732, -37.8142454 ] } },
{ "type": "Feature", "properties": { "city": "Saratov, Saratov Oblast, Russia", "address": "Саратовская область, Россия" }, "geometry": { "type": "Point", "coordinates": [ 46.8631952, 51.6520555 ] } },
{ "type": "Feature", "properties": { "city": "Terheijden, North Brabant, Netherlands", "address": "Terheijden, Noord-Brabant, Nederland" }, "geometry": { "type": "Point", "coordinates": [ 4.7525569, 51.6429923 ] } },
{ "type": "Feature", "properties": { "city": "Vitoria-Gasteiz, Basque Country, Spain", "address": "Vitoria-Gasteiz, Euskadi, España" }, "geometry": { "type": "Point", "coordinates": [ -2.66145, 42.8505845 ] } },
{ "type": "Feature", "properties": { "city": "Bayingolin Mongol Autonomous Prefecture, Xinjiang, China", "address": "博尔塔拉蒙古自治州 ᠪᠣᠷᠣᠲᠠᠯ᠎ᠠ ᠶᠢᠨ ᠮᠣᠩᠭᠣᠯ ᠥᠪᠡᠷᠲᠡᠭᠡᠨ ᠵᠠᠰᠠᠬᠤ ᠵᠧᠦ, 833404, 新疆维吾尔自治区 شىنجاڭ ئۇيغۇر ئاپتونوم رايونی, 中国" }, "geometry": { "type": "Point", "coordinates": [ 82.0629703, 44.904806 ] } },
{ "type": "Feature", "properties": { "city": "La Montagne, Pays de la Loire, France", "address": "La Montagne, 44620, Pays de la Loire, France" }, "geometry": { "type": "Point", "coordinates": [ -1.68457, 47.1858 ] } },
{ "type": "Feature", "properties": { "city": "Greifswald, Mecklenburg-Vorpommern, Germany", "address": "Vorpommern-Greifswald, Mecklenburg-Vorpommern, Deutschland" }, "geometry": { "type": "Point", "coordinates": [ 13.8981847, 53.7245862 ] } },
{ "type": "Feature", "properties": { "city": "Fazenda Rio Grande, State of Parana, Brazil", "address": "Fazenda Rio Grande, Paraná, Brasil" }, "geometry": { "type": "Point", "coordinates": [ -49.3126653, -25.645841 ] } },
{ "type": "Feature", "properties": { "city": "The Hague, South Holland, Netherlands", "address": "Den Haag, Zuid-Holland, Nederland" }, "geometry": { "type": "Point", "coordinates": [ 4.2696802, 52.0749456 ] } },
{ "type": "Feature", "properties": { "city": "Vasteras, Vastmanland County, Sweden", "address": "Västerås, 721 01, Sverige" }, "geometry": { "type": "Point", "coordinates": [ 16.5463679, 59.6110992 ] } },
{ "type": "Feature", "properties": { "city": "Lynn, Massachusetts, United States", "address": "Lynn, Massachusetts, United States" }, "geometry": { "type": "Point", "coordinates": [ -70.9494939, 42.466763 ] } },
{ "type": "Feature", "properties": { "city": "Hisar, Haryana, India", "address": "Chaudhary Charan Singh Haryana Agricultural University, 125001, Hisar, Haryāna, India" }, "geometry": { "type": "Point", "coordinates": [ 75.7043186, 29.1453843 ] } },
{ "type": "Feature", "properties": { "city": "Manning, South Carolina, United States", "address": "Manning, 29102, South Carolina, United States" }, "geometry": { "type": "Point", "coordinates": [ -80.2107811, 33.6952318 ] } },
{ "type": "Feature", "properties": { "city": "Bremen, Bremen, Germany", "address": "Bremen, Freie Hansestadt Bremen, Deutschland" }, "geometry": { "type": "Point", "coordinates": [ 8.8071646, 53.0758196 ] } },
{ "type": "Feature", "properties": { "city": "Dublin, California, United States", "address": "Dublin, 94568, California, United States" }, "geometry": { "type": "Point", "coordinates": [ -121.9357918, 37.7021521 ] } },
{ "type": "Feature", "properties": { "city": "Oakley, Kansas, United States", "address": "Oakley, 67748, Kansas, United States" }, "geometry": { "type": "Point", "coordinates": [ -100.855611, 39.126385 ] } },
{ "type": "Feature", "properties": { "city": "Kilmarnock, Virginia, United States", "address": "Kilmarnock, Virginia, United States" }, "geometry": { "type": "Point", "coordinates": [ -76.3796997, 37.7104805 ] } },
{ "type": "Feature", "properties": { "city": "Emilia-Romagna, Italy", "address": "ISTAT Ufficio Regionale Emilia Romagna, 9, Via Luigi Carlo Farini, 40124, Via Luigi Carlo Farini, Bologna, Emilia-Romagna, Italia" }, "geometry": { "type": "Point", "coordinates": [ 11.3435713, 44.4914458 ] } },
{ "type": "Feature", "properties": { "city": "Rome, Lazio, Italy", "address": "Roma, Lazio, Italia" }, "geometry": { "type": "Point", "coordinates": [ 12.4829321, 41.8933203 ] } },
{ "type": "Feature", "properties": { "city": "Farragut, Tennessee, United States", "address": "Farragut, 37934, Tennessee, United States" }, "geometry": { "type": "Point", "coordinates": [ -84.1535261, 35.8845238 ] } },
{ "type": "Feature", "properties": { "city": "Stratford-upon-Avon, England, United Kingdom", "address": "Stratford-upon-Avon, Stratford-on-Avon, England, United Kingdom" }, "geometry": { "type": "Point", "coordinates": [ -1.70634, 52.1927803 ] } },
{ "type": "Feature", "properties": { "city": "Knoxville, Tennessee, United States", "address": "University of Tennessee, Knoxville, Lower Drive, 37996, Lower Drive, Knoxville, TN, United States" }, "geometry": { "type": "Point", "coordinates": [ -83.9308819, 35.9516352 ] } },
{ "type": "Feature", "properties": { "city": "Newport News, Virginia, United States", "address": "Newport News, Virginia, United States" }, "geometry": { "type": "Point", "coordinates": [ -76.42977, 36.9775016 ] } },
{ "type": "Feature", "properties": { "city": "Biesenthal, Brandenburg, Germany", "address": "Biesenthal, 16359, Brandenburg, Deutschland" }, "geometry": { "type": "Point", "coordinates": [ 13.6289589, 52.7664978 ] } },
{ "type": "Feature", "properties": { "city": "Beijing, Beijing, China", "address": "北京市, 中国" }, "geometry": { "type": "Point", "coordinates": [ 116.3912972, 39.9057136 ] } },
{ "type": "Feature", "properties": { "city": "Bedford, England, United Kingdom", "address": "Bedford, MK40 1SU, England, United Kingdom" }, "geometry": { "type": "Point", "coordinates": [ -0.4675041, 52.1363806 ] } },
{ "type": "Feature", "properties": { "city": "Sint Anthonis, North Brabant, Netherlands", "address": "Sint Anthonis, Noord-Brabant, Nederland" }, "geometry": { "type": "Point", "coordinates": [ 5.8816763, 51.626921 ] } },
{ "type": "Feature", "properties": { "city": "Viet Tri, Phu Tho, Vietnam", "address": "Việt Trì, 35100, Phú Thọ, Việt Nam" }, "geometry": { "type": "Point", "coordinates": [ 105.3946287, 21.3135419 ] } },
{ "type": "Feature", "properties": { "city": "Mollet del Valles, Catalonia, Spain", "address": "Mollet del Vallès, 08100, Catalunya, España" }, "geometry": { "type": "Point", "coordinates": [ 2.2130934, 41.5393484 ] } },
{ "type": "Feature", "properties": { "city": "Stanford, California, United States", "address": "Stanford, 94305, California, United States" }, "geometry": { "type": "Point", "coordinates": [ -122.1702445, 37.427467 ] } },
{ "type": "Feature", "properties": { "city": "Swindon, England, United Kingdom", "address": "Historic England, Fire Fly Avenue, SN2 2EH, Fire Fly Avenue, Swindon, England, United Kingdom" }, "geometry": { "type": "Point", "coordinates": [ -1.7933058, 51.5635091 ] } },
{ "type": "Feature", "properties": { "city": "Norwich, England, United Kingdom", "address": "Norwich, England, United Kingdom" }, "geometry": { "type": "Point", "coordinates": [ 1.2923954, 52.6285576 ] } },
{ "type": "Feature", "properties": { "city": "Cambridge, England, United Kingdom", "address": "Cambridge, CB2 3NR, Cambridge, England, United Kingdom" }, "geometry": { "type": "Point", "coordinates": [ 0.1186637, 52.2055314 ] } },
{ "type": "Feature", "properties": { "city": "Milan, Lombardy, Italy", "address": "Milano, Lombardia, Italia" }, "geometry": { "type": "Point", "coordinates": [ 9.1896346, 45.4641943 ] } },
{ "type": "Feature", "properties": { "city": "Belgrade, Serbia", "address": "Београд, 11000, Централна Србија, Србија" }, "geometry": { "type": "Point", "coordinates": [ 20.4568974, 44.8178131 ] } },
{ "type": "Feature", "properties": { "city": "Kansas City, Missouri, United States", "address": "Kansas City, Missouri, United States" }, "geometry": { "type": "Point", "coordinates": [ -94.5781416, 39.100105 ] } },
{ "type": "Feature", "properties": { "city": "Northeim, Lower Saxony, Germany", "address": "Northeim, 37154, Northeim, Niedersachsen, Deutschland" }, "geometry": { "type": "Point", "coordinates": [ 10.0004239, 51.7056794 ] } },
{ "type": "Feature", "properties": { "city": "Langenthal, Canton of Bern, Switzerland", "address": "8, Eisenbahnstrasse, 4900, Eisenbahnstrasse, Langenthal, Bern/Berne, Schweiz/Suisse/Svizzera/Svizra" }, "geometry": { "type": "Point", "coordinates": [ 7.7848966, 47.2172263 ] } },
{ "type": "Feature", "properties": { "city": "Woodbridge Township, New Jersey, United States", "address": "Woodbridge Township, New Jersey, United States" }, "geometry": { "type": "Point", "coordinates": [ -74.2823881, 40.5536536 ] } },
{ "type": "Feature", "properties": { "city": "Shenzhen, Guangdong Province, China", "address": "深圳市, 广东省, 中国" }, "geometry": { "type": "Point", "coordinates": [ 114.0545429, 22.5445741 ] } },
{ "type": "Feature", "properties": { "city": "Ocala, Florida, United States", "address": "Ocala, Florida, United States" }, "geometry": { "type": "Point", "coordinates": [ -82.1400923, 29.1871986 ] } },
{ "type": "Feature", "properties": { "city": "Roermond, Limburg, Netherlands", "address": "Roermond, Limburg, Nederland" }, "geometry": { "type": "Point", "coordinates": [ 5.9882649, 51.1933903 ] } },
{ "type": "Feature", "properties": { "city": "Ankeny, Iowa, United States", "address": "Ankeny, Iowa, United States" }, "geometry": { "type": "Point", "coordinates": [ -93.605092, 41.7320796 ] } },
{ "type": "Feature", "properties": { "city": "Moscow, Moscow, Russia", "address": "Москва, Москва, Россия" }, "geometry": { "type": "Point", "coordinates": [ 37.6174782, 55.7505412 ] } },
{ "type": "Feature", "properties": { "city": "Murfreesboro, Tennessee, United States", "address": "Murfreesboro, Tennessee, United States" }, "geometry": { "type": "Point", "coordinates": [ -86.3921096, 35.8460396 ] } },
{ "type": "Feature", "properties": { "city": "San Giovanni Valdarno, Tuscany, Italy", "address": "San Giovanni Valdarno, 52027, Toscana, Italia" }, "geometry": { "type": "Point", "coordinates": [ 11.5305954, 43.5649304 ] } },
{ "type": "Feature", "properties": { "city": "Gradignan, Nouvelle-Aquitaine, France", "address": "Gradignan, 33170, Nouvelle-Aquitaine, France" }, "geometry": { "type": "Point", "coordinates": [ -0.613907, 44.7739701 ] } },
{ "type": "Feature", "properties": { "city": "Faenza, Emilia-Romagna, Italy", "address": "Faenza, 48018, Emilia-Romagna, Italia" }, "geometry": { "type": "Point", "coordinates": [ 11.8832055, 44.2855555 ] } },
{ "type": "Feature", "properties": { "city": "Launaguet, Occitanie, France", "address": "Launaguet, 31140, Occitanie, France" }, "geometry": { "type": "Point", "coordinates": [ 1.4568622, 43.6742484 ] } },
{ "type": "Feature", "properties": { "city": "Badalona, Catalonia, Spain", "address": "Badalona, Catalunya, España" }, "geometry": { "type": "Point", "coordinates": [ 2.248254, 41.4493539 ] } },
{ "type": "Feature", "properties": { "city": "Davis, California, United States", "address": "University of California, Davis, 1, Shields Avenue, 95616, Shields Avenue, Davis, CA, United States" }, "geometry": { "type": "Point", "coordinates": [ -121.7907544, 38.5337904 ] } },
{ "type": "Feature", "properties": { "city": "Atlanta, Georgia, United States", "address": "Atlanta, Georgia, United States" }, "geometry": { "type": "Point", "coordinates": [ -84.3898151, 33.7544657 ] } },
{ "type": "Feature", "properties": { "city": "Welch, West Virginia, United States", "address": "Welch, West Virginia, United States" }, "geometry": { "type": "Point", "coordinates": [ -81.5844357, 37.4328886 ] } },
{ "type": "Feature", "properties": { "city": "Eagan, Minnesota, United States", "address": "Eagan, Minnesota, United States" }, "geometry": { "type": "Point", "coordinates": [ -93.1659179, 44.818173 ] } },
{ "type": "Feature", "properties": { "city": "Naples, Florida, United States", "address": "Naples, Florida, United States" }, "geometry": { "type": "Point", "coordinates": [ -81.7942944, 26.1421976 ] } },
{ "type": "Feature", "properties": { "city": "Coutances, Normandy, France", "address": "Coutances, 50200, Normandie, France" }, "geometry": { "type": "Point", "coordinates": [ -1.4454857, 49.047792 ] } },
{ "type": "Feature", "properties": { "city": "Reading, England, United Kingdom", "address": "Reading, England, United Kingdom" }, "geometry": { "type": "Point", "coordinates": [ -0.9700664, 51.4564242 ] } },
{ "type": "Feature", "properties": { "city": "Naperville, Illinois, United States", "address": "Naperville, Illinois, United States" }, "geometry": { "type": "Point", "coordinates": [ -88.1479278, 41.7728699 ] } },
{ "type": "Feature", "properties": { "city": "Oslo Municipality, Oslo, Norway", "address": "Microsoft Norway, Dronning Eufemias gate, 0191, Dronning Eufemias gate, Oslo, Norge" }, "geometry": { "type": "Point", "coordinates": [ 10.7610162, 59.9067935 ] } },
{ "type": "Feature", "properties": { "city": "Esch-sur-Alzette, Esch-sur-Alzette, Luxembourg", "address": "Esch-sur-Alzette, Lëtzebuerg" }, "geometry": { "type": "Point", "coordinates": [ 5.9850306, 49.4959628 ] } },
{ "type": "Feature", "properties": { "city": "Kasuga, Fukuoka, Japan", "address": "春日市, 福岡県, 日本" }, "geometry": { "type": "Point", "coordinates": [ 130.4699924, 33.5326401 ] } },
{ "type": "Feature", "properties": { "city": "Seoul, Seoul, South Korea", "address": "서울특별시, 대한민국" }, "geometry": { "type": "Point", "coordinates": [ 126.9782914, 37.5666791 ] } },
{ "type": "Feature", "properties": { "city": "Tehran, Iran", "address": "تهران, استان تهران, ایران" }, "geometry": { "type": "Point", "coordinates": [ 51.3896004, 35.6892523 ] } },
{ "type": "Feature", "properties": { "city": "Salerno, Campania, Italy", "address": "Salerno, Campania, Italia" }, "geometry": { "type": "Point", "coordinates": [ 15.3106085, 40.4194416 ] } },
{ "type": "Feature", "properties": { "city": "Indaiatuba, State of Sao Paulo, Brazil", "address": "Viela Indaiatuba, 07262-321, Guarulhos, São Paulo, Brasil" }, "geometry": { "type": "Point", "coordinates": [ -46.4002916, -23.4782931 ] } },
{ "type": "Feature", "properties": { "city": "Dallas, Texas, United States", "address": "Dallas, Texas, United States" }, "geometry": { "type": "Point", "coordinates": [ -96.7968559, 32.7762719 ] } },
{ "type": "Feature", "properties": { "city": "Philadelphia, Pennsylvania, United States", "address": "Philadelphia, Pennsylvania, United States" }, "geometry": { "type": "Point", "coordinates": [ -75.1635262, 39.9527237 ] } },
{ "type": "Feature", "properties": { "city": "Quito, Pichincha, Ecuador", "address": "Volcán Pichincha, Lloa, Provincia de Pichincha, Ecuador" }, "geometry": { "type": "Point", "coordinates": [ -78.6043435, -0.1657227 ] } },
{ "type": "Feature", "properties": { "city": "Brussels, Brussels, Belgium", "address": "Bruxelles - Brussel, Région de Bruxelles-Capitale - Brussels Hoofdstedelijk Gewest, België / Belgique / Belgien" }, "geometry": { "type": "Point", "coordinates": [ 4.352493, 50.8467372 ] } },
{ "type": "Feature", "properties": { "city": "Xi'An, Shaanxi, China", "address": "西安市, 陕西省, 中国" }, "geometry": { "type": "Point", "coordinates": [ 108.9423363, 34.261004 ] } },
{ "type": "Feature", "properties": { "city": "Huanggang, Hubei, China", "address": "黄冈市, 湖北省, 中国" }, "geometry": { "type": "Point", "coordinates": [ 114.8673226, 30.4560187 ] } },
{ "type": "Feature", "properties": { "city": "Gunnison, Colorado, United States", "address": "Gunnison, Colorado, United States" }, "geometry": { "type": "Point", "coordinates": [ -107.0603126, 38.6476702 ] } },
{ "type": "Feature", "properties": { "city": "Nijmegen, Gelderland, Netherlands", "address": "Nijmegen, Gelderland, Nederland" }, "geometry": { "type": "Point", "coordinates": [ 5.8637771, 51.8474946 ] } },
{ "type": "Feature", "properties": { "city": "Le Mesnil-Amelot, Ile-de-France, France", "address": "Le Mesnil-Amelot, 77990, Île-de-France, France" }, "geometry": { "type": "Point", "coordinates": [ 2.5910318, 49.0172102 ] } },
{ "type": "Feature", "properties": { "city": "Oldham, England, United Kingdom", "address": "Oldham, OL1 1HE, Oldham, England, United Kingdom" }, "geometry": { "type": "Point", "coordinates": [ -2.1147831, 53.5415797 ] } },
{ "type": "Feature", "properties": { "city": "Spalding, England, United Kingdom", "address": "Spalding, PE11 1SR, South Holland, England, United Kingdom" }, "geometry": { "type": "Point", "coordinates": [ -0.1526099, 52.7876264 ] } },
{ "type": "Feature", "properties": { "city": "Hamamatsu, Shizuoka, Japan", "address": "浜松市, 静岡県, 日本" }, "geometry": { "type": "Point", "coordinates": [ 137.7259431, 34.7109786 ] } },
{ "type": "Feature", "properties": { "city": "Geneva, Illinois, United States", "address": "Geneva, 60134, Illinois, United States" }, "geometry": { "type": "Point", "coordinates": [ -88.3053525, 41.8875281 ] } },
{ "type": "Feature", "properties": { "city": "Venice, Veneto, Italy", "address": "Venezia, 30121-30176, Venezia, Veneto, Italia" }, "geometry": { "type": "Point", "coordinates": [ 12.3345898, 45.4371908 ] } },
{ "type": "Feature", "properties": { "city": "Wingate, England, United Kingdom", "address": "Wingate, England, United Kingdom" }, "geometry": { "type": "Point", "coordinates": [ -1.3810305, 54.7309409 ] } },
{ "type": "Feature", "properties": { "city": "Nocera Superiore, Campania, Italy", "address": "Nocera Superiore, Campania, Italia" }, "geometry": { "type": "Point", "coordinates": [ 14.6715039, 40.7415603 ] } },
{ "type": "Feature", "properties": { "city": "Minneapolis, Minnesota, United States", "address": "Minneapolis, Minnesota, United States" }, "geometry": { "type": "Point", "coordinates": [ -93.2654692, 44.9772995 ] } },
{ "type": "Feature", "properties": { "city": "Nagpur, Maharashtra, India", "address": "Nagpur, Maharashtra, India" }, "geometry": { "type": "Point", "coordinates": [ 79.0820556, 21.1498134 ] } },
{ "type": "Feature", "properties": { "city": "West Point, Virginia, United States", "address": "West Point, 23118, Virginia, United States" }, "geometry": { "type": "Point", "coordinates": [ -76.7963566, 37.5315303 ] } },
{ "type": "Feature", "properties": { "city": "Coventry, England, United Kingdom", "address": "Coventry, CV1 1LL, Coventry, England, United Kingdom" }, "geometry": { "type": "Point", "coordinates": [ -1.510477, 52.4081812 ] } },
{ "type": "Feature", "properties": { "city": "Mauleon-Licharre, Nouvelle-Aquitaine, France", "address": "Mauléon-Licharre, 64130, Nouvelle-Aquitaine, France" }, "geometry": { "type": "Point", "coordinates": [ -0.8885873, 43.2233373 ] } },
{ "type": "Feature", "properties": { "city": "SeaTac, Washington, United States", "address": "SeaTac, Washington, United States" }, "geometry": { "type": "Point", "coordinates": [ -122.283084, 47.4449086 ] } },
{ "type": "Feature", "properties": { "city": "Tacheng Prefecture, Xinjiang, China", "address": "塔城地区 تارباعاتاي ايماعى, 新疆维吾尔自治区 شىنجاڭ ئۇيغۇر ئاپتونوم رايونی, 中国" }, "geometry": { "type": "Point", "coordinates": [ 84.2850459, 45.749199 ] } },
{ "type": "Feature", "properties": { "city": "Doha, Doha Municipality, Qatar", "address": "Doha Municipality, شارع السد, شارع السد, الدوحة, الدوحة, قطر" }, "geometry": { "type": "Point", "coordinates": [ 51.5051651, 25.2816708 ] } },
{ "type": "Feature", "properties": { "city": "Djien Bien Phu, Dien Bien, Vietnam", "address": "Thành phố Điện Biên Phủ, Điện Biên, Việt Nam" }, "geometry": { "type": "Point", "coordinates": [ 103.1046352, 21.4904376 ] } },
{ "type": "Feature", "properties": { "city": "Plymouth, England, United Kingdom", "address": "Plymouth, England, United Kingdom" }, "geometry": { "type": "Point", "coordinates": [ -4.1424451, 50.3714122 ] } },
{ "type": "Feature", "properties": { "city": "Dublin, County Dublin, Ireland", "address": "Dublin Airport, Swords Road, Swords Road, Dublin, Éire / Ireland" }, "geometry": { "type": "Point", "coordinates": [ -6.2472741, 53.4282916 ] } },
{ "type": "Feature", "properties": { "city": "Seeb, Muscat Governorate, Oman", "address": "مطار مسقط الدولي, شارع المعارض, 135, شارع المعارض, السيب, محافظة مسقط, عمان" }, "geometry": { "type": "Point", "coordinates": [ 58.2738006, 23.5994728 ] } },
{ "type": "Feature", "properties": { "city": "Lanus, Buenos Aires Province, Argentina", "address": "Lanús Este, Buenos Aires, Argentina" }, "geometry": { "type": "Point", "coordinates": [ -58.3742103, -34.7109137 ] } },
{ "type": "Feature", "properties": { "city": "Julich, North Rhine-Westphalia, Germany", "address": "Jülich, 52428, Nordrhein-Westfalen, Deutschland" }, "geometry": { "type": "Point", "coordinates": [ 6.3611015, 50.9220931 ] } },
{ "type": "Feature", "properties": { "city": "Delft, South Holland, Netherlands", "address": "Delft, Delft, Zuid-Holland, Nederland" }, "geometry": { "type": "Point", "coordinates": [ 4.3627245, 51.9994572 ] } },
{ "type": "Feature", "properties": { "city": "Mattawa, Ontario, Canada", "address": "Mattawa, P0H 1V0, Ontario, Canada" }, "geometry": { "type": "Point", "coordinates": [ -78.703308, 46.317296 ] } },
{ "type": "Feature", "properties": { "city": "Raipur, Chhattisgarh, India", "address": "Raipur, 493332, Chhattisgarh, India" }, "geometry": { "type": "Point", "coordinates": [ 81.6336993, 21.2380912 ] } },
{ "type": "Feature", "properties": { "city": "San Fernando, Central Luzon, Philippines", "address": "San Fernando, 2000, Pampanga, Philippines" }, "geometry": { "type": "Point", "coordinates": [ 120.6938038, 15.0283014 ] } },
{ "type": "Feature", "properties": { "city": "New Ellenton, South Carolina, United States", "address": "New Ellenton, 29809, South Carolina, United States" }, "geometry": { "type": "Point", "coordinates": [ -81.6856654, 33.421531 ] } },
{ "type": "Feature", "properties": { "city": "Trieste, Friuli-Venezia Giulia, Italy", "address": "ISTAT Ufficio Regionale Friuli Venezia Giulia, 18, Via Cesare Battisti, 34137, Via Cesare Battisti, Trieste, Friuli Venezia Giulia, Italia" }, "geometry": { "type": "Point", "coordinates": [ 13.7804956, 45.6528943 ] } },
{ "type": "Feature", "properties": { "city": "Escanaba, Michigan, United States", "address": "Escanaba, 49829, Michigan, United States" }, "geometry": { "type": "Point", "coordinates": [ -87.0647434, 45.7455707 ] } },
{ "type": "Feature", "properties": { "city": "Luton, England, United Kingdom", "address": "Luton, LU1 2YN, England, United Kingdom" }, "geometry": { "type": "Point", "coordinates": [ -0.4152837, 51.8784385 ] } },
{ "type": "Feature", "properties": { "city": "Portsmouth, England, United Kingdom", "address": "Portsmouth, England, United Kingdom" }, "geometry": { "type": "Point", "coordinates": [ -1.0906023, 50.800031 ] } },
{ "type": "Feature", "properties": { "city": "Santiago de Queretaro, Queretaro, Mexico", "address": "Carretera México - Querétaro (Cuota), 42854, Santiago Tlapanaloya, Hidalgo, México" }, "geometry": { "type": "Point", "coordinates": [ -99.3192209, 19.8616902 ] } },
{ "type": "Feature", "properties": { "city": "Hong Kong, Hong Kong", "address": "香港 Hong Kong, 中国" }, "geometry": { "type": "Point", "coordinates": [ 114.1628907, 22.2792968 ] } },
{ "type": "Feature", "properties": { "city": "Sharjah, Sharjah, United Arab Emirates", "address": "إمارة الشارقة, الإمارات العربية المتحدة" }, "geometry": { "type": "Point", "coordinates": [ 55.6934811, 25.2691848 ] } },
{ "type": "Feature", "properties": { "city": "Wessling, Bavaria, Germany", "address": "Weßling, 82234, Bayern, Deutschland" }, "geometry": { "type": "Point", "coordinates": [ 11.2523969, 48.0739105 ] } },
{ "type": "Feature", "properties": { "city": "Karlsruhe, Baden-Wurttemberg, Germany", "address": "Landesanstalt für Umwelt Baden-Württemberg (LUBW), 24, Bannwaldallee, 76185, Bannwaldallee, Karlsruhe, Baden-Württemberg, Deutschland" }, "geometry": { "type": "Point", "coordinates": [ 8.3667595, 49.0016469 ] } },
{ "type": "Feature", "properties": { "city": "England, United Kingdom", "address": "England, United Kingdom" }, "geometry": { "type": "Point", "coordinates": [ -1.2649062, 52.5310214 ] } },
{ "type": "Feature", "properties": { "city": "Palo Alto, California, United States", "address": "Palo Alto, California, United States" }, "geometry": { "type": "Point", "coordinates": [ -122.1598465, 37.4443293 ] } },
{ "type": "Feature", "properties": { "city": "Tunis, Tunis Governorate, Tunisia", "address": "الطريق الوطنية تونس - حزوة, 1111, جبل الوسط, ولاية زغوان, تونس" }, "geometry": { "type": "Point", "coordinates": [ 10.069053, 36.5590365 ] } },
{ "type": "Feature", "properties": { "city": "Accra, Greater Accra Region, Ghana", "address": "Greater Accra Region, Ghana" }, "geometry": { "type": "Point", "coordinates": [ 0.0995242, 5.8101532 ] } },
{ "type": "Feature", "properties": { "city": "Stockholm, Stockholm County, Sweden", "address": "Stockholm, 111 29, Sverige" }, "geometry": { "type": "Point", "coordinates": [ 18.0710935, 59.3251172 ] } },
{ "type": "Feature", "properties": { "city": "Ottawa, Ontario, Canada", "address": "Ottawa, Ontario, Canada" }, "geometry": { "type": "Point", "coordinates": [ -75.6901106, 45.4208777 ] } },
{ "type": "Feature", "properties": { "city": "Croydon, England, United Kingdom", "address": "Croydon, CR0 1SZ, London, England, United Kingdom" }, "geometry": { "type": "Point", "coordinates": [ -0.101957, 51.3713049 ] } },
{ "type": "Feature", "properties": { "city": "Darmstadt, Hessen, Germany", "address": "Darmstadt, Hessen, Deutschland" }, "geometry": { "type": "Point", "coordinates": [ 8.651177, 49.872775 ] } },
{ "type": "Feature", "properties": { "city": "Manchester, England, United Kingdom", "address": "Manchester, M60 2TG, England, United Kingdom" }, "geometry": { "type": "Point", "coordinates": [ -2.2451148, 53.4794892 ] } },
{ "type": "Feature", "properties": { "city": "Nagercoil, Tamil Nadu, India", "address": "Nagercoil, 629001, Tamil Nadu, India" }, "geometry": { "type": "Point", "coordinates": [ 77.4315437, 8.1839904 ] } },
{ "type": "Feature", "properties": { "city": "New York, New York, United States", "address": "New York, New York, United States" }, "geometry": { "type": "Point", "coordinates": [ -74.0060152, 40.7127281 ] } },
{ "type": "Feature", "properties": { "city": "Chateaudun, Centre-Val de Loire, France", "address": "Châteaudun, 28200, Centre-Val de Loire, France" }, "geometry": { "type": "Point", "coordinates": [ 1.3284948, 48.0702298 ] } },
{ "type": "Feature", "properties": { "city": "Miami, Florida, United States", "address": "Miami, Florida, United States" }, "geometry": { "type": "Point", "coordinates": [ -80.1935973, 25.7741566 ] } },
{ "type": "Feature", "properties": { "city": "Dallas, Oregon, United States", "address": "Dallas, 97338, Oregon, United States" }, "geometry": { "type": "Point", "coordinates": [ -123.315869, 44.9189206 ] } },
{ "type": "Feature", "properties": { "city": "Silkeborg, Central Denmark Region, Denmark", "address": "Silkeborg, 8600, Region Midtjylland, Danmark" }, "geometry": { "type": "Point", "coordinates": [ 9.5495141, 56.169453 ] } },
{ "type": "Feature", "properties": { "city": "Saclay, Ile-de-France, France", "address": "Saclay, 91400, Île-de-France, France" }, "geometry": { "type": "Point", "coordinates": [ 2.172576, 48.7305162 ] } },
{ "type": "Feature", "properties": { "city": "(not set)", "address": "may not exist, 0300, სამცხე-ჯავახეთი, საქართველო" }, "geometry": { "type": "Point", "coordinates": [ 42.7861927, 41.8108857 ] } },
{ "type": "Feature", "properties": { "city": "Lohne, Lower Saxony, Germany", "address": "Lohne (Oldenburg), 49393, Niedersachsen, Deutschland" }, "geometry": { "type": "Point", "coordinates": [ 8.2363523, 52.665257 ] } },
{ "type": "Feature", "properties": { "city": "Lucknow, Uttar Pradesh, India", "address": "Lucknow, 226027, Uttar Pradesh, India" }, "geometry": { "type": "Point", "coordinates": [ 80.9346001, 26.8381 ] } },
{ "type": "Feature", "properties": { "city": "Reston, Virginia, United States", "address": "Reston, Reston, Virginia, United States" }, "geometry": { "type": "Point", "coordinates": [ -77.3464516, 38.953282 ] } },
{ "type": "Feature", "properties": { "city": "Weiden in der Oberpfalz, Bavaria, Germany", "address": "Weiden in der Oberpfalz, 92637, Bayern, Deutschland" }, "geometry": { "type": "Point", "coordinates": [ 12.1631636, 49.6752749 ] } },
{ "type": "Feature", "properties": { "city": "Sendai, Miyagi, Japan", "address": "仙台市, 宮城県, 日本" }, "geometry": { "type": "Point", "coordinates": [ 140.8691498, 38.2677554 ] } },
{ "type": "Feature", "properties": { "city": "Dijon, Bourgogne-Franche-Comte, France", "address": "Dijon, 21000, Bourgogne-Franche-Comté, France" }, "geometry": { "type": "Point", "coordinates": [ 5.0414701, 47.3215806 ] } },
{ "type": "Feature", "properties": { "city": "Stuttgart, Baden-Wurttemberg, Germany", "address": "Stuttgart, Baden-Württemberg, Deutschland" }, "geometry": { "type": "Point", "coordinates": [ 9.1800132, 48.7784485 ] } },
{ "type": "Feature", "properties": { "city": "Grenoble, Auvergne-Rhone-Alpes, France", "address": "Grenoble, 38000;38100, Auvergne-Rhône-Alpes, France" }, "geometry": { "type": "Point", "coordinates": [ 5.7357819, 45.1875602 ] } },
{ "type": "Feature", "properties": { "city": "Karachi, Sindh, Pakistan", "address": "National Museum of Pakistan, Shahrah e Kamal Ata Turk, 75530, Shahrah e Kamal Ata Turk, Karachi, Sindh, پاکستان" }, "geometry": { "type": "Point", "coordinates": [ 67.0176726, 24.8528564 ] } },
{ "type": "Feature", "properties": { "city": "Nice, Provence-Alpes-Cote d'Azur, France", "address": "Aéroport de Nice-Côte d'Azur, Rue Costes et Bellonte, 06206, Rue Costes et Bellonte, Nice, Provence-Alpes-Côte d'Azur, France" }, "geometry": { "type": "Point", "coordinates": [ 7.213746, 43.6598152 ] } },
{ "type": "Feature", "properties": { "city": "Nola, Campania, Italy", "address": "Nola, Campania, Italia" }, "geometry": { "type": "Point", "coordinates": [ 14.5327402, 40.9210826 ] } },
{ "type": "Feature", "properties": { "city": "Toulouse, Occitanie, France", "address": "Toulouse, 31000;31100;31200;31300;31400;31500, Occitanie, France" }, "geometry": { "type": "Point", "coordinates": [ 1.4442433, 43.6044638 ] } },
{ "type": "Feature", "properties": { "city": "Chakia, Bihar, India", "address": "Chakia, Mehsi Mejor Road, 845426, Mehsi Mejor Road, Chakia, Bihar, India" }, "geometry": { "type": "Point", "coordinates": [ 85.0468919, 26.4175373 ] } },
{ "type": "Feature", "properties": { "city": "Leoben, Styria, Austria", "address": "Leoben, 8700, Steiermark, Österreich" }, "geometry": { "type": "Point", "coordinates": [ 15.0947756, 47.3805128 ] } },
{ "type": "Feature", "properties": { "city": "Newark, New Jersey, United States", "address": "Newark, New Jersey, United States" }, "geometry": { "type": "Point", "coordinates": [ -74.1723667, 40.735657 ] } },
{ "type": "Feature", "properties": { "city": "Indore, Madhya Pradesh, India", "address": "Indore, 452001, Madhya Pradesh, India" }, "geometry": { "type": "Point", "coordinates": [ 75.8681996, 22.7203616 ] } },
{ "type": "Feature", "properties": { "city": "Guangzhou, Guangdong Province, China", "address": "广州市, 广东省, 中国" }, "geometry": { "type": "Point", "coordinates": [ 113.2590064, 23.1288454 ] } },
{ "type": "Feature", "properties": { "city": "Saint-Etienne, Auvergne-Rhone-Alpes, France", "address": "Saint-Étienne, 42000;42100;42230, Auvergne-Rhône-Alpes, France" }, "geometry": { "type": "Point", "coordinates": [ 4.3873058, 45.4401467 ] } },
{ "type": "Feature", "properties": { "city": "Jeddah, Makkah Province, Saudi Arabia", "address": "Jeddah-Makkah Expressway, 24232, مكة, منطقة مكة المكرمة, السعودية" }, "geometry": { "type": "Point", "coordinates": [ 39.7598556, 21.4138812 ] } },
{ "type": "Feature", "properties": { "city": "Key West, Florida, United States", "address": "Key West, Florida, United States" }, "geometry": { "type": "Point", "coordinates": [ -81.8020722, 24.5548262 ] } },
{ "type": "Feature", "properties": { "city": "Edlesborough, England, United Kingdom", "address": "Edlesborough, England, United Kingdom" }, "geometry": { "type": "Point", "coordinates": [ -0.5852479, 51.8663877 ] } },
{ "type": "Feature", "properties": { "city": "Garching, Bavaria, Germany", "address": "Garching bei München, 85748, Bayern, Deutschland" }, "geometry": { "type": "Point", "coordinates": [ 11.6509662, 48.2513878 ] } },
{ "type": "Feature", "properties": { "city": "Berlin, Berlin, Germany", "address": "Berlin, Deutschland" }, "geometry": { "type": "Point", "coordinates": [ 13.3951309, 52.5173885 ] } },
{ "type": "Feature", "properties": { "city": "Beverly, Massachusetts, United States", "address": "Beverly, Massachusetts, United States" }, "geometry": { "type": "Point", "coordinates": [ -70.8781883, 42.5489744 ] } },
{ "type": "Feature", "properties": { "city": "Kettering, England, United Kingdom", "address": "Kettering, England, United Kingdom" }, "geometry": { "type": "Point", "coordinates": [ -0.728004, 52.3994233 ] } },
{ "type": "Feature", "properties": { "city": "Aspen, Colorado, United States", "address": "Aspen, Colorado, United States" }, "geometry": { "type": "Point", "coordinates": [ -106.82356, 39.1911128 ] } },
{ "type": "Feature", "properties": { "city": "Mentor, Ohio, United States", "address": "Mentor, 44060, Ohio, United States" }, "geometry": { "type": "Point", "coordinates": [ -81.3399769, 41.6664781 ] } },
{ "type": "Feature", "properties": { "city": "Islamabad, Islamabad Capital Territory, Pakistan", "address": "وفاقی دارالحکومت اسلام آباد, پاکستان" }, "geometry": { "type": "Point", "coordinates": [ 73.2031156, 33.6357394 ] } },
{ "type": "Feature", "properties": { "city": "Dortmund, North Rhine-Westphalia, Germany", "address": "Dortmund, Nordrhein-Westfalen, Deutschland" }, "geometry": { "type": "Point", "coordinates": [ 7.4652789, 51.5142273 ] } },
{ "type": "Feature", "properties": { "city": "Framingham, Massachusetts, United States", "address": "Framingham, Massachusetts, United States" }, "geometry": { "type": "Point", "coordinates": [ -71.4165905, 42.2773177 ] } },
{ "type": "Feature", "properties": { "city": "Flint, Michigan, United States", "address": "Flint, Michigan, United States" }, "geometry": { "type": "Point", "coordinates": [ -83.6900211, 43.0161693 ] } },
{ "type": "Feature", "properties": { "city": "Seaford, England, United Kingdom", "address": "Seaford, Lewes, England, United Kingdom" }, "geometry": { "type": "Point", "coordinates": [ 0.110676, 50.7782544 ] } },
{ "type": "Feature", "properties": { "city": "Kashiwa, Chiba, Japan", "address": "柏市, 千葉県, 日本" }, "geometry": { "type": "Point", "coordinates": [ 139.975687599999986, 35.8676218 ] } },
{ "type": "Feature", "properties": { "city": "Bangor, Wales, United Kingdom", "address": "Bangor, Cymru / Wales, United Kingdom" }, "geometry": { "type": "Point", "coordinates": [ -4.1268822, 53.2277163 ] } },
{ "type": "Feature", "properties": { "city": "Oxford, England, United Kingdom", "address": "Oxford, England, United Kingdom" }, "geometry": { "type": "Point", "coordinates": [ -1.2578499, 51.7520131 ] } },
{ "type": "Feature", "properties": { "city": "Seattle, Washington, United States", "address": "Seattle, Washington, United States" }, "geometry": { "type": "Point", "coordinates": [ -122.330062, 47.6038321 ] } },
{ "type": "Feature", "properties": { "city": "United States", "address": "United States, United States" }, "geometry": { "type": "Point", "coordinates": [ -100.445882, 39.7837304 ] } },
{ "type": "Feature", "properties": { "city": "Amman, Amman Governorate, Jordan", "address": "عمان, 11110, محافظة العاصمة, الأردن" }, "geometry": { "type": "Point", "coordinates": [ 35.9239625, 31.9515694 ] } },
{ "type": "Feature", "properties": { "city": "Presevo, Municipality of Presevo, Serbia", "address": "3, Буковац, Буковац, Општина Прешево, Централна Србија, Србија" }, "geometry": { "type": "Point", "coordinates": [ 21.6490024, 42.3642047 ] } },
{ "type": "Feature", "properties": { "city": "Chengdu, Sichuan, China", "address": "成都市, 四川省, 中国" }, "geometry": { "type": "Point", "coordinates": [ 104.063315, 30.659867 ] } },
{ "type": "Feature", "properties": { "city": "Scottsdale, Arizona, United States", "address": "Scottsdale, Arizona, United States" }, "geometry": { "type": "Point", "coordinates": [ -111.926018, 33.4942189 ] } },
{ "type": "Feature", "properties": { "city": "Thiruvananthapuram, Kerala, India", "address": "Thiruvananthapuram, 695001, Kerala, India" }, "geometry": { "type": "Point", "coordinates": [ 76.947551, 8.4882267 ] } },
{ "type": "Feature", "properties": { "city": "Batavia, Illinois, United States", "address": "Batavia, 60510, Illinois, United States" }, "geometry": { "type": "Point", "coordinates": [ -88.3125738, 41.8500284 ] } },
{ "type": "Feature", "properties": { "city": "Ecublens, Vaud, Switzerland", "address": "Ecublens VD, Vaud, Schweiz/Suisse/Svizzera/Svizra" }, "geometry": { "type": "Point", "coordinates": [ 6.5621137, 46.5258 ] } },
{ "type": "Feature", "properties": { "city": "Frankfurt am Main, Hessen, Germany", "address": "Frankfurt am Main, Hessen, Deutschland" }, "geometry": { "type": "Point", "coordinates": [ 8.6820917, 50.1106444 ] } },
{ "type": "Feature", "properties": { "city": "Eggenstein-Leopoldshafen, Baden-Wurttemberg, Germany", "address": "Eggenstein-Leopoldshafen, 76344, Baden-Württemberg, Deutschland" }, "geometry": { "type": "Point", "coordinates": [ 8.4003114, 49.088332 ] } },
{ "type": "Feature", "properties": { "city": "Livorno, Tuscany, Italy", "address": "Livorno, Toscana, Italia" }, "geometry": { "type": "Point", "coordinates": [ 10.3402239, 42.7902379 ] } },
{ "type": "Feature", "properties": { "city": "Katsuura, Chiba, Japan", "address": "勝浦市, 千葉県, 日本" }, "geometry": { "type": "Point", "coordinates": [ 140.3207449, 35.1521846 ] } },
{ "type": "Feature", "properties": { "city": "Cardiff, Wales, United Kingdom", "address": "Cardiff, CF10 2AF, Cymru / Wales, United Kingdom" }, "geometry": { "type": "Point", "coordinates": [ -3.1791934, 51.4816546 ] } },
{ "type": "Feature", "properties": { "city": "Pertuis, Provence-Alpes-Cote d'Azur, France", "address": "Pertuis, 84120, Provence-Alpes-Côte d'Azur, France" }, "geometry": { "type": "Point", "coordinates": [ 5.5032671, 43.6951468 ] } },
{ "type": "Feature", "properties": { "city": "Nantes, Pays de la Loire, France", "address": "Nantes, 44000;44100;44200;44300, Pays de la Loire, France" }, "geometry": { "type": "Point", "coordinates": [ -1.5541362, 47.2186371 ] } },
{ "type": "Feature", "properties": { "city": "Marseille, Provence-Alpes-Cote d'Azur, France", "address": "Marseille, 13000;13001;13002;13003;13004;13005;13006;13007;13008;13009;13010;13011;13012;13013;13014;13015;13016, Provence-Alpes-Côte d'Azur, France" }, "geometry": { "type": "Point", "coordinates": [ 5.3699525, 43.2961743 ] } },
{ "type": "Feature", "properties": { "city": "Turin, Piedmont, Italy", "address": "Torino, Piemonte, Italia" }, "geometry": { "type": "Point", "coordinates": [ 7.6824892, 45.0677551 ] } },
{ "type": "Feature", "properties": { "city": "Daejeon, Daejeon, South Korea", "address": "대전광역시, 대한민국" }, "geometry": { "type": "Point", "coordinates": [ 127.3849016, 36.3497007 ] } },
{ "type": "Feature", "properties": { "city": "Hangzhou, Zhejiang, China", "address": "杭州市, 浙江省, 中国" }, "geometry": { "type": "Point", "coordinates": [ 120.2052342, 30.2489634 ] } },
{ "type": "Feature", "properties": { "city": "Arlington, Virginia, United States", "address": "Arlington, Virginia, United States" }, "geometry": { "type": "Point", "coordinates": [ -77.0893094, 38.8769326 ] } },
{ "type": "Feature", "properties": { "city": "Aix-en-Provence, Provence-Alpes-Cote d'Azur, France", "address": "Aix-en-Provence, 13090;13100;13080;13290;13540, Provence-Alpes-Côte d'Azur, France" }, "geometry": { "type": "Point", "coordinates": [ 5.4474738, 43.5298424 ] } },
{ "type": "Feature", "properties": { "city": "Palermo, Sicily, Italy", "address": "Palermo, 90121;90122;90123;90124;90125;90126;90127;90128;90129;90131;90133;90134;90135;90136;90137;90138;90139;90141;90142;90143;90144;90145;90146;90147;90148;90149;90151, Sicilia, Italia" }, "geometry": { "type": "Point", "coordinates": [ 13.3524434, 38.1112268 ] } },
{ "type": "Feature", "properties": { "city": "Koprivnice, Moravian-Silesian Region, Czechia", "address": "Kopřivnice, 742 21, Moravskoslezský kraj, Česko" }, "geometry": { "type": "Point", "coordinates": [ 18.1452134, 49.598913 ] } },
{ "type": "Feature", "properties": { "city": "Manila, Metro Manila, Philippines", "address": "Manila, Metro Manila, Philippines" }, "geometry": { "type": "Point", "coordinates": [ 120.9803621, 14.5904492 ] } },
{ "type": "Feature", "properties": { "city": "Boise, Idaho, United States", "address": "Boise, Idaho, United States" }, "geometry": { "type": "Point", "coordinates": [ -116.200886, 43.6166163 ] } },
{ "type": "Feature", "properties": { "city": "Jiaxing, Zhejiang, China", "address": "嘉兴市, 浙江省, 中国" }, "geometry": { "type": "Point", "coordinates": [ 120.7510971, 30.7474425 ] } },
{ "type": "Feature", "properties": { "city": "Temara, Rabat-Sale-Kenitra, Morocco", "address": "Préfecture de Skhirate-Témara عمالة الصخيرات-تمارة, Rabat-Salé-Kénitra ⴻⵕⵕⴱⴰⵟ-ⵙⵍⴰ-ⵈⵏⵉⵟⵔⴰ الرباط سلا, Maroc ⵍⵎⵖⵔⵉⴱ المغرب" }, "geometry": { "type": "Point", "coordinates": [ -6.8799428, 33.7563375 ] } },
{ "type": "Feature", "properties": { "city": "Bristol, England, United Kingdom", "address": "Bristol, England, United Kingdom" }, "geometry": { "type": "Point", "coordinates": [ -2.5972985, 51.4538022 ] } },
{ "type": "Feature", "properties": { "city": "Washington, District of Columbia, United States", "address": "United States House of Representatives, West Terraces and Steps, 20215, West Terraces and Steps, Washington, District of Columbia, United States" }, "geometry": { "type": "Point", "coordinates": [ -77.0090433, 38.8889772 ] } },
{ "type": "Feature", "properties": { "city": "Austin, Texas, United States", "address": "University of Texas at Austin, 1, University Station, 78712, University Station, Austin, TX, United States" }, "geometry": { "type": "Point", "coordinates": [ -97.7339352, 30.2851494 ] } },
{ "type": "Feature", "properties": { "city": "Petropolis, State of Rio de Janeiro, Brazil", "address": "Petrópolis, Rio de Janeiro, Brasil" }, "geometry": { "type": "Point", "coordinates": [ -43.1785356, -22.5075743 ] } },
{ "type": "Feature", "properties": { "city": "Thatcham, England, United Kingdom", "address": "Thatcham, England, United Kingdom" }, "geometry": { "type": "Point", "coordinates": [ -1.257412, 51.4024177 ] } },
{ "type": "Feature", "properties": { "city": "Shizuoka, Shizuoka, Japan", "address": "静岡県, 日本" }, "geometry": { "type": "Point", "coordinates": [ 138.095539800000012, 34.9332488 ] } },
{ "type": "Feature", "properties": { "city": "Burlington, Vermont, United States", "address": "University of Vermont, Juniper Terrace, 05401, Juniper Terrace, Burlington, Vermont, United States" }, "geometry": { "type": "Point", "coordinates": [ -73.1941468, 44.4737365 ] } },
{ "type": "Feature", "properties": { "city": "Shihoro, Hokkaido, Japan", "address": "士幌町, 北海道, 日本" }, "geometry": { "type": "Point", "coordinates": [ 143.2418046, 43.1681995 ] } },
{ "type": "Feature", "properties": { "city": "Craiova, Dolj County, Romania", "address": "Craiova, România" }, "geometry": { "type": "Point", "coordinates": [ 23.7965614, 44.3190159 ] } },
{ "type": "Feature", "properties": { "city": "McConnelsville, Ohio, United States", "address": "McConnelsville, Ohio, United States" }, "geometry": { "type": "Point", "coordinates": [ -81.8533701, 39.6487744 ] } },
{ "type": "Feature", "properties": { "city": "Aberdeen, Scotland, United Kingdom", "address": "Aberdeen, Alba / Scotland, United Kingdom" }, "geometry": { "type": "Point", "coordinates": [ -2.0928095, 57.1482429 ] } },
{ "type": "Feature", "properties": { "city": "Montague, Massachusetts, United States", "address": "Montague, Massachusetts, United States" }, "geometry": { "type": "Point", "coordinates": [ -72.5497332, 42.5901227 ] } },
{ "type": "Feature", "properties": { "city": "Zhukovskiy, Moscow Oblast, Russia", "address": "Московская область, Россия" }, "geometry": { "type": "Point", "coordinates": [ 38.0353929, 55.5043158 ] } },
{ "type": "Feature", "properties": { "city": "Ho Chi Minh City, Ho Chi Minh City, Vietnam", "address": "Thành phố Hồ Chí Minh, Việt Nam" }, "geometry": { "type": "Point", "coordinates": [ 106.7021047, 10.7755254 ] } },
{ "type": "Feature", "properties": { "city": "Ankara, Ankara, Türkiye", "address": "Ankara, 06420, Çankaya, Ankara, Türkiye" }, "geometry": { "type": "Point", "coordinates": [ 32.8540497, 39.9207759 ] } },
{ "type": "Feature", "properties": { "city": "Cologne, North Rhine-Westphalia, Germany", "address": "Köln, Nordrhein-Westfalen, Deutschland" }, "geometry": { "type": "Point", "coordinates": [ 6.959974, 50.938361 ] } },
{ "type": "Feature", "properties": { "city": "Fort Gregg-Adams, Virginia, United States", "address": "Fort Gregg-Adams, 23801, Fort Gregg-Adams, Virginia, United States" }, "geometry": { "type": "Point", "coordinates": [ -77.3305507, 37.2354475 ] } },
{ "type": "Feature", "properties": { "city": "Setagaya City, Tokyo, Japan", "address": "東京都市大学, 1, 28, 158-8557, 28, 世田谷区, 東京都, 日本" }, "geometry": { "type": "Point", "coordinates": [ 139.6509948, 35.5981143 ] } },
{ "type": "Feature", "properties": { "city": "Worksop, England, United Kingdom", "address": "Worksop, S80 1JB, Bassetlaw, England, United Kingdom" }, "geometry": { "type": "Point", "coordinates": [ -1.1246168, 53.3042362 ] } },
{ "type": "Feature", "properties": { "city": "Sale, England, United Kingdom", "address": "Sale, M33 2AB, Trafford, England, United Kingdom" }, "geometry": { "type": "Point", "coordinates": [ -2.318415, 53.4244939 ] } },
{ "type": "Feature", "properties": { "city": "Boardman, Oregon, United States", "address": "Boardman, 97818, Oregon, United States" }, "geometry": { "type": "Point", "coordinates": [ -119.700583, 45.839855 ] } },
{ "type": "Feature", "properties": { "city": "Guayaquil, Guayas, Ecuador", "address": "Guayaquil, Provincia del Guayas, Ecuador" }, "geometry": { "type": "Point", "coordinates": [ -79.8868669, -2.1900572 ] } },
{ "type": "Feature", "properties": { "city": "Ota City, Tokyo, Japan", "address": "大田区立郷土博物館, 13, 11, 143-0025, 11, 大田区, 東京都, 日本" }, "geometry": { "type": "Point", "coordinates": [ 139.710666300000014, 35.5885312 ] } },
{ "type": "Feature", "properties": { "city": "Zurich, Zurich, Switzerland", "address": "Zürich, Zürich, Schweiz/Suisse/Svizzera/Svizra" }, "geometry": { "type": "Point", "coordinates": [ 8.5410422, 47.3744489 ] } },
{ "type": "Feature", "properties": { "city": "Jalgaon, Maharashtra, India", "address": "Jalgaon, Maharashtra, India" }, "geometry": { "type": "Point", "coordinates": [ 75.5261246, 20.8428827 ] } },
{ "type": "Feature", "properties": { "city": "Boston, Massachusetts, United States", "address": "Boston, Massachusetts, United States" }, "geometry": { "type": "Point", "coordinates": [ -71.0578303, 42.3588336 ] } },
{ "type": "Feature", "properties": { "city": "Bogota, Bogota, Colombia", "address": "Bogotá, Distrito Capital, Colombia" }, "geometry": { "type": "Point", "coordinates": [ -74.1753606, 4.2834715 ] } },
{ "type": "Feature", "properties": { "city": "Singapore, Singapore", "address": "Singapore, Singapore" }, "geometry": { "type": "Point", "coordinates": [ 103.8194992, 1.357107 ] } },
{ "type": "Feature", "properties": { "city": "Tsukuba, Ibaraki, Japan", "address": "筑波大学, 学園西大通り, 305-0821, 学園西大通り, つくば市, 茨城県, 日本" }, "geometry": { "type": "Point", "coordinates": [ 140.1006602, 36.1070526 ] } },
{ "type": "Feature", "properties": { "city": "Edgware, England, United Kingdom", "address": "Edgware, HA8 8LR, London, England, United Kingdom" }, "geometry": { "type": "Point", "coordinates": [ -0.276739, 51.6176443 ] } },
{ "type": "Feature", "properties": { "city": "Somerville, Massachusetts, United States", "address": "Somerville, Massachusetts, United States" }, "geometry": { "type": "Point", "coordinates": [ -71.0994968, 42.3875968 ] } },
{ "type": "Feature", "properties": { "city": "Villeneuve-d'Ascq, Hauts-de-France, France", "address": "Villeneuve-d'Ascq, 59491;59493;59650, Hauts-de-France, France" }, "geometry": { "type": "Point", "coordinates": [ 3.1314002, 50.6193174 ] } },
{ "type": "Feature", "properties": { "city": "Dhaka, Dhaka Division, Bangladesh", "address": "হযরত শাহজালাল আন্তর্জাতিক বিমানবন্দর, Sector 1, Kurmitola, 1229, Sector 1, Kurmitola, Dhaka, ঢাকা বিভাগ, Bangladesh" }, "geometry": { "type": "Point", "coordinates": [ 90.4053032, 23.8431441 ] } },
{ "type": "Feature", "properties": { "city": "Yancheng, Jiangsu, China", "address": "盐城市, 江苏省, 中国" }, "geometry": { "type": "Point", "coordinates": [ 120.1577019, 33.349559 ] } },
{ "type": "Feature", "properties": { "city": "Mansfield, England, United Kingdom", "address": "Mansfield, NG18 1JA, Mansfield, England, United Kingdom" }, "geometry": { "type": "Point", "coordinates": [ -1.1964165, 53.1443785 ] } },
{ "type": "Feature", "properties": { "city": "Dalian, Liaoning, China", "address": "大连市, 116011, 西岗区, 辽宁省, 中国" }, "geometry": { "type": "Point", "coordinates": [ 121.6098013, 38.9130495 ] } },
{ "type": "Feature", "properties": { "city": "Sheridan, Indiana, United States", "address": "Sheridan, Indiana, United States" }, "geometry": { "type": "Point", "coordinates": [ -86.2202749, 40.1349677 ] } },
{ "type": "Feature", "properties": { "city": "Antwerp, Flanders, Belgium", "address": "Antwerpen, Antwerpen, België / Belgique / Belgien" }, "geometry": { "type": "Point", "coordinates": [ 4.3997081, 51.2211097 ] } },
{ "type": "Feature", "properties": { "city": "Amsterdam, North Holland, Netherlands", "address": "Amsterdam, Noord-Holland, Nederland" }, "geometry": { "type": "Point", "coordinates": [ 4.8924534, 52.3730796 ] } },
{ "type": "Feature", "properties": { "city": "Shinagawa City, Tokyo, Japan", "address": "品川区役所, 区役所通り, 140-8715, 区役所通り, 東京都, 日本" }, "geometry": { "type": "Point", "coordinates": [ 139.730198, 35.6092112 ] } },
{ "type": "Feature", "properties": { "city": "Panama City, Panama", "address": "Panama City, Florida, United States" }, "geometry": { "type": "Point", "coordinates": [ -85.6602936, 30.1586518 ] } },
{ "type": "Feature", "properties": { "city": "Dresden, Saxony, Germany", "address": "Dresden, Sachsen, Deutschland" }, "geometry": { "type": "Point", "coordinates": [ 13.7381437, 51.0493286 ] } },
{ "type": "Feature", "properties": { "city": "Wallisellen, Zurich, Switzerland", "address": "Wallisellen, Zürich, Schweiz/Suisse/Svizzera/Svizra" }, "geometry": { "type": "Point", "coordinates": [ 8.5919985, 47.4166195 ] } },
{ "type": "Feature", "properties": { "city": "Shanghai, Shanghai, China", "address": "上海市, 200001, 黄浦区, 上海市, 中国" }, "geometry": { "type": "Point", "coordinates": [ 121.4691024, 31.2323437 ] } },
{ "type": "Feature", "properties": { "city": "Skien Municipality, Telemark, Norway", "address": "Skien, Norge" }, "geometry": { "type": "Point", "coordinates": [ 9.5311354, 59.2662883 ] } },
{ "type": "Feature", "properties": { "city": "Brookside, Delaware, United States", "address": "Brookside, 19714, Delaware, United States" }, "geometry": { "type": "Point", "coordinates": [ -75.7264611, 39.6626858 ] } },
{ "type": "Feature", "properties": { "city": "Tomsk, Tomsk Oblast, Russia", "address": "Томская область, Россия" }, "geometry": { "type": "Point", "coordinates": [ 82.0475315, 58.6124279 ] } },
{ "type": "Feature", "properties": { "city": "Saint Petersburg, Saint Petersburg, Russia", "address": "Санкт-Петербург, Россия" }, "geometry": { "type": "Point", "coordinates": [ 30.1586551, 59.9606739 ] } },
{ "type": "Feature", "properties": { "city": "Jinzhong, Shanxi, China", "address": "晋中市, 山西省, 中国" }, "geometry": { "type": "Point", "coordinates": [ 112.7383414, 37.6866796 ] } },
{ "type": "Feature", "properties": { "city": "Bath, England, United Kingdom", "address": "Bath, England, United Kingdom" }, "geometry": { "type": "Point", "coordinates": [ -2.3596963, 51.3813864 ] } },
{ "type": "Feature", "properties": { "city": "Greenville, North Carolina, United States", "address": "Greenville, North Carolina, United States" }, "geometry": { "type": "Point", "coordinates": [ -77.3724593, 35.613224 ] } },
{ "type": "Feature", "properties": { "city": "Donostia / San Sebastian, Basque Country, Spain", "address": "Donostia / San Sebastián, 20001;20002;20003;20004;20005;20006;20007;20008;20009;20010;20011;20012;20013;20014;20015;20016;20017;20018, Euskadi, España" }, "geometry": { "type": "Point", "coordinates": [ -1.9838889, 43.3224219 ] } },
{ "type": "Feature", "properties": { "city": "Chapeco, State of Santa Catarina, Brazil", "address": "Universidade Federal da Fronteira Sul, Rodovia Balseiros do Rio Uruguai, 89815-899, Rodovia Balseiros do Rio Uruguai, Chapecó, SC, Brasil" }, "geometry": { "type": "Point", "coordinates": [ -54.7564028, -28.1410583 ] } },
{ "type": "Feature", "properties": { "city": "Newton Aycliffe, England, United Kingdom", "address": "Newton Aycliffe, England, United Kingdom" }, "geometry": { "type": "Point", "coordinates": [ -1.5663624, 54.6218534 ] } },
{ "type": "Feature", "properties": { "city": "Osaka, Osaka, Japan", "address": "大阪市, 大阪府, 日本" }, "geometry": { "type": "Point", "coordinates": [ 135.5014539, 34.6937569 ] } },
{ "type": "Feature", "properties": { "city": "Qingdao, Shandong, China", "address": "青岛市, 266000, 山东省, 中国" }, "geometry": { "type": "Point", "coordinates": [ 120.3777659, 36.0663249 ] } },
{ "type": "Feature", "properties": { "city": "Forest City, North Carolina, United States", "address": "Forest City, 28043, North Carolina, United States" }, "geometry": { "type": "Point", "coordinates": [ -81.8649245, 35.3337279 ] } },
{ "type": "Feature", "properties": { "city": "Vienna, Vienna, Austria", "address": "Wien, Österreich" }, "geometry": { "type": "Point", "coordinates": [ 16.3725042, 48.2083537 ] } },
{ "type": "Feature", "properties": { "city": "Oakland, California, United States", "address": "Oakland, California, United States" }, "geometry": { "type": "Point", "coordinates": [ -122.271356, 37.8044557 ] } },
{ "type": "Feature", "properties": { "city": "Delhi, Delhi Division, India", "address": "Division of Entymology, Chaudhary Deep Chand Marg, 110008, Chaudhary Deep Chand Marg, Delhi, India" }, "geometry": { "type": "Point", "coordinates": [ 77.1697259, 28.64173 ] } },
{ "type": "Feature", "properties": { "city": "Lagos, Lagos, Nigeria", "address": "Lagos, 100242, Lagos, Nigeria" }, "geometry": { "type": "Point", "coordinates": [ 3.3941795, 6.4550575 ] } },
{ "type": "Feature", "properties": { "city": "Richmond, Virginia, United States", "address": "Richmond, Virginia, United States" }, "geometry": { "type": "Point", "coordinates": [ -77.43428, 37.5385087 ] } },
{ "type": "Feature", "properties": { "city": "Vetralla, Lazio, Italy", "address": "Vetralla, Lazio, Italia" }, "geometry": { "type": "Point", "coordinates": [ 12.0575, 42.3205336 ] } },
{ "type": "Feature", "properties": { "city": "Plovdiv, Plovdiv Province, Bulgaria", "address": "Пловдив, 4000, Пловдив, Бългaрия" }, "geometry": { "type": "Point", "coordinates": [ 24.7499297, 42.1418541 ] } },
{ "type": "Feature", "properties": { "city": "Pistoia, Tuscany, Italy", "address": "Pistoia, Toscana, Italia" }, "geometry": { "type": "Point", "coordinates": [ 10.8687081, 43.9740957 ] } },
{ "type": "Feature", "properties": { "city": "Gunsan-si, Jeonbuk State, South Korea", "address": "군산여자고등학교, 월명터널, 54018, 월명터널, 군산시, 전북특별자치도, 대한민국" }, "geometry": { "type": "Point", "coordinates": [ 126.703622, 35.984746 ] } },
{ "type": "Feature", "properties": { "city": "Helsinki, Uusimaa, Finland", "address": "Helsinki, Uusimaa, Suomi" }, "geometry": { "type": "Point", "coordinates": [ 24.9435408, 60.1666204 ] } },
{ "type": "Feature", "properties": { "city": "Tewkesbury, England, United Kingdom", "address": "Tewkesbury, Tewkesbury, England, United Kingdom" }, "geometry": { "type": "Point", "coordinates": [ -2.1549574, 51.9937857 ] } },
{ "type": "Feature", "properties": { "city": "Kenedy, Texas, United States", "address": "Kenedy, Texas, United States" }, "geometry": { "type": "Point", "coordinates": [ -97.7461361, 26.9205171 ] } },
{ "type": "Feature", "properties": { "city": "Cinisello Balsamo, Lombardy, Italy", "address": "Cinisello Balsamo, 20092, Cinisello Balsamo, Lombardia, Italia" }, "geometry": { "type": "Point", "coordinates": [ 9.2141955, 45.5586454 ] } },
{ "type": "Feature", "properties": { "city": "Three Rivers, Michigan, United States", "address": "Three Rivers, 49093, Michigan, United States" }, "geometry": { "type": "Point", "coordinates": [ -85.6346222, 41.9442722 ] } },
{ "type": "Feature", "properties": { "city": "Fes, Fez-Meknes, Morocco", "address": "Fès-Meknès فاس - مكناس, Maroc ⵍⵎⵖⵔⵉⴱ المغرب" }, "geometry": { "type": "Point", "coordinates": [ -4.8556382, 33.8333136 ] } },
{ "type": "Feature", "properties": { "city": "Montreal, Quebec, Canada", "address": "Montreal Forum, 2313, Rue Sainte-Catherine Ouest, H3H 1N2, Rue Sainte-Catherine Ouest, Montreal, QC, Canada" }, "geometry": { "type": "Point", "coordinates": [ -73.5846809, 45.4901295 ] } },
{ "type": "Feature", "properties": { "city": "Kitakyushu, Fukuoka, Japan", "address": "北九州市, 福岡県, 日本" }, "geometry": { "type": "Point", "coordinates": [ 130.8749015, 33.8829996 ] } },
{ "type": "Feature", "properties": { "city": "North Fort Myers, Florida, United States", "address": "North Fort Myers, 33903, Florida, United States" }, "geometry": { "type": "Point", "coordinates": [ -81.8840848, 26.6728666 ] } },
{ "type": "Feature", "properties": { "city": "Luxembourg, Luxembourg, Luxembourg", "address": "Luxembourg, Lëtzebuerg" }, "geometry": { "type": "Point", "coordinates": [ 6.129799, 49.6112768 ] } },
{ "type": "Feature", "properties": { "city": "Jakobsberg, Stockholm County, Sweden", "address": "Jakobsberg, Ynglingavägen, 177 57, Ynglingavägen, Järfälla, Sverige" }, "geometry": { "type": "Point", "coordinates": [ 17.8328532, 59.4235553 ] } },
{ "type": "Feature", "properties": { "city": "Eindhoven, North Brabant, Netherlands", "address": "Eindhoven, Noord-Brabant, Nederland" }, "geometry": { "type": "Point", "coordinates": [ 5.478633, 51.4392648 ] } },
{ "type": "Feature", "properties": { "city": "Magee, Mississippi, United States", "address": "Magee, 39111, Mississippi, United States" }, "geometry": { "type": "Point", "coordinates": [ -89.7323162, 31.8724469 ] } },
{ "type": "Feature", "properties": { "city": "Arkadelphia, Arkansas, United States", "address": "Arkadelphia, Arkansas, United States" }, "geometry": { "type": "Point", "coordinates": [ -93.053784, 34.1209292 ] } },
{ "type": "Feature", "properties": { "city": "Barranquilla, Atlantico, Colombia", "address": "Barranquilla, Atlántico, Colombia" }, "geometry": { "type": "Point", "coordinates": [ -74.8231794, 11.0101922 ] } },
{ "type": "Feature", "properties": { "city": "Otaru, Hokkaido, Japan", "address": "小樽市, 北海道, 日本" }, "geometry": { "type": "Point", "coordinates": [ 140.9946021, 43.1906806 ] } },
{ "type": "Feature", "properties": { "city": "Appleton, Minnesota, United States", "address": "Appleton, Minnesota, United States" }, "geometry": { "type": "Point", "coordinates": [ -96.019767, 45.196906 ] } },
{ "type": "Feature", "properties": { "city": "New Haven, Connecticut, United States", "address": "New Haven, Connecticut, United States" }, "geometry": { "type": "Point", "coordinates": [ -72.9250518, 41.3082138 ] } },
{ "type": "Feature", "properties": { "city": "North Charleston, South Carolina, United States", "address": "North Charleston, South Carolina, United States" }, "geometry": { "type": "Point", "coordinates": [ -79.9748103, 32.8546197 ] } },
{ "type": "Feature", "properties": { "city": "Wallingford, England, United Kingdom", "address": "Wallingford, South Oxfordshire, England, United Kingdom" }, "geometry": { "type": "Point", "coordinates": [ -1.1251402, 51.5982886 ] } },
{ "type": "Feature", "properties": { "city": "Lanzhou, Gansu, China", "address": "兰州市, 730000, 城关区, 甘肃省, 中国" }, "geometry": { "type": "Point", "coordinates": [ 103.8394984, 36.0526223 ] } },
{ "type": "Feature", "properties": { "city": "Metter, Georgia, United States", "address": "Metter, 30439, Georgia, United States" }, "geometry": { "type": "Point", "coordinates": [ -82.0601196, 32.397118 ] } },
{ "type": "Feature", "properties": { "city": "Gieres, Auvergne-Rhone-Alpes, France", "address": "Gières, 38610, Auvergne-Rhône-Alpes, France" }, "geometry": { "type": "Point", "coordinates": [ 5.7904194, 45.1798245 ] } },
{ "type": "Feature", "properties": { "city": "New Orleans, Louisiana, United States", "address": "New Orleans, Louisiana, United States" }, "geometry": { "type": "Point", "coordinates": [ -90.0733934, 29.9561422 ] } },
{ "type": "Feature", "properties": { "city": "Beverungen, North Rhine-Westphalia, Germany", "address": "Beverungen, 37688, Nordrhein-Westfalen, Deutschland" }, "geometry": { "type": "Point", "coordinates": [ 9.3759072, 51.6676535 ] } },
{ "type": "Feature", "properties": { "city": "Columbus, Indiana, United States", "address": "Columbus, Indiana, United States" }, "geometry": { "type": "Point", "coordinates": [ -85.9213796, 39.2014405 ] } },
{ "type": "Feature", "properties": { "city": "Tokai, Ibaraki, Japan", "address": "東海村, 319-1192, 茨城県, 日本" }, "geometry": { "type": "Point", "coordinates": [ 140.5662106, 36.4726607 ] } },
{ "type": "Feature", "properties": { "city": "Vinon-sur-Verdon, Provence-Alpes-Cote d'Azur, France", "address": "Vinon-sur-Verdon, 83560, Provence-Alpes-Côte d'Azur, France" }, "geometry": { "type": "Point", "coordinates": [ 5.8127618, 43.7245683 ] } },
{ "type": "Feature", "properties": { "city": "Suttons Bay, Michigan, United States", "address": "Suttons Bay Township, Michigan, United States" }, "geometry": { "type": "Point", "coordinates": [ -85.658981, 45.020146 ] } },
{ "type": "Feature", "properties": { "city": "Windsor, England, United Kingdom", "address": "Windsor Castle, High Street, SL4 1PG, High Street, Windsor, England, United Kingdom" }, "geometry": { "type": "Point", "coordinates": [ -0.6040419, 51.4837886 ] } },
{ "type": "Feature", "properties": { "city": "Hiroshima, Hiroshima, Japan", "address": "広島県, 日本" }, "geometry": { "type": "Point", "coordinates": [ 132.753565, 34.5666725 ] } },
{ "type": "Feature", "properties": { "city": "Ueda, Nagano, Japan", "address": "上田市, 長野県, 日本" }, "geometry": { "type": "Point", "coordinates": [ 138.2490506, 36.4021192 ] } },
{ "type": "Feature", "properties": { "city": "Bochum, North Rhine-Westphalia, Germany", "address": "Bochum, Nordrhein-Westfalen, Deutschland" }, "geometry": { "type": "Point", "coordinates": [ 7.2196635, 51.4818111 ] } },
{ "type": "Feature", "properties": { "city": "East Liverpool, Ohio, United States", "address": "East Liverpool, Ohio, United States" }, "geometry": { "type": "Point", "coordinates": [ -80.5772928, 40.6186756 ] } },
{ "type": "Feature", "properties": { "city": "Gretna, Virginia, United States", "address": "Gretna, 24557, Virginia, United States" }, "geometry": { "type": "Point", "coordinates": [ -79.3608985, 36.9521405 ] } },
{ "type": "Feature", "properties": { "city": "Eden Prairie, Minnesota, United States", "address": "Eden Prairie, Minnesota, United States" }, "geometry": { "type": "Point", "coordinates": [ -93.470786, 44.8546856 ] } },
{ "type": "Feature", "properties": { "city": "Dayton, Ohio, United States", "address": "Dayton, Ohio, United States" }, "geometry": { "type": "Point", "coordinates": [ -84.1916069, 39.7589478 ] } },
{ "type": "Feature", "properties": { "city": "Fort Wayne, Indiana, United States", "address": "Fort Wayne, Indiana, United States" }, "geometry": { "type": "Point", "coordinates": [ -85.1386015, 41.0799898 ] } },
{ "type": "Feature", "properties": { "city": "Catskill, New York, United States", "address": "Catskill, New York, United States" }, "geometry": { "type": "Point", "coordinates": [ -73.8645734, 42.2173102 ] } },
{ "type": "Feature", "properties": { "city": "Timmendorfer Strand, Schleswig-Holstein, Germany", "address": "Timmendorfer Strand, 23669, Timmendorfer Strand, Schleswig-Holstein, Deutschland" }, "geometry": { "type": "Point", "coordinates": [ 10.7779674, 53.9917675 ] } },
{ "type": "Feature", "properties": { "city": "Canajoharie, New York, United States", "address": "Canajoharie, 13317, New York, United States" }, "geometry": { "type": "Point", "coordinates": [ -74.5723964, 42.9054292 ] } },
{ "type": "Feature", "properties": { "city": "Mito, Ibaraki, Japan", "address": "水戸市, 茨城県, 日本" }, "geometry": { "type": "Point", "coordinates": [ 140.473174300000011, 36.3659174 ] } },
{ "type": "Feature", "properties": { "city": "Sylvania, Ohio, United States", "address": "Sylvania, 43560, Ohio, United States" }, "geometry": { "type": "Point", "coordinates": [ -83.7127729, 41.7188956 ] } },
{ "type": "Feature", "properties": { "city": "Tokushima, Tokushima, Japan", "address": "徳島市, 770-8571, Tokushima Prefecture, 日本" }, "geometry": { "type": "Point", "coordinates": [ 134.555035299999986, 34.0698307 ] } },
{ "type": "Feature", "properties": { "city": "Le Plessis-Robinson, Ile-de-France, France", "address": "Le Plessis-Robinson, 92350, Île-de-France, France" }, "geometry": { "type": "Point", "coordinates": [ 2.2619632, 48.7811049 ] } },
{ "type": "Feature", "properties": { "city": "Ocracoke, North Carolina, United States", "address": "Ocracoke, 27960, Ocracoke, North Carolina, United States" }, "geometry": { "type": "Point", "coordinates": [ -75.9167097, 35.1301988 ] } },
{ "type": "Feature", "properties": { "city": "Addis Ababa, Addis Ababa, Ethiopia", "address": "አዲስ አበባ / Addis Ababa, 3578, ኣዲስ ኣበባ / Addis Ababa, ኢትዮጵያ" }, "geometry": { "type": "Point", "coordinates": [ 38.7524127, 9.0358287 ] } },
{ "type": "Feature", "properties": { "city": "Lyon, Auvergne-Rhone-Alpes, France", "address": "Lyon, Auvergne-Rhône-Alpes, France" }, "geometry": { "type": "Point", "coordinates": [ 4.8320114, 45.7578137 ] } },
{ "type": "Feature", "properties": { "city": "Lulea, Norrbotten County, Sweden", "address": "Luleå, 971 28, Sverige" }, "geometry": { "type": "Point", "coordinates": [ 22.1459535, 65.5831187 ] } },
{ "type": "Feature", "properties": { "city": "Malone, New York, United States", "address": "Malone, Malone, New York, United States" }, "geometry": { "type": "Point", "coordinates": [ -74.295044, 44.84881 ] } },
{ "type": "Feature", "properties": { "city": "Heilbronn, Baden-Wurttemberg, Germany", "address": "Heilbronn, Baden-Württemberg, Deutschland" }, "geometry": { "type": "Point", "coordinates": [ 9.218655, 49.142291 ] } },
{ "type": "Feature", "properties": { "city": "Hamburg, Hamburg, Germany", "address": "Hamburg, Deutschland" }, "geometry": { "type": "Point", "coordinates": [ 10.0013165, 53.5501721 ] } },
{ "type": "Feature", "properties": { "city": "Niihama, Ehime, Japan", "address": "新居浜市, 愛媛県, 日本" }, "geometry": { "type": "Point", "coordinates": [ 133.28358990000001, 33.9603497 ] } },
{ "type": "Feature", "properties": { "city": "Apeldoorn, Gelderland, Netherlands", "address": "Apeldoorn, Gelderland, Nederland" }, "geometry": { "type": "Point", "coordinates": [ 5.9300775, 52.1795738 ] } },
{ "type": "Feature", "properties": { "city": "Swanzey, New Hampshire, United States", "address": "Swanzey, New Hampshire, United States" }, "geometry": { "type": "Point", "coordinates": [ -72.3290406, 42.8723464 ] } },
{ "type": "Feature", "properties": { "city": "Fall River, Massachusetts, United States", "address": "Fall River, Massachusetts, United States" }, "geometry": { "type": "Point", "coordinates": [ -71.1546367, 41.7010642 ] } },
{ "type": "Feature", "properties": { "city": "Saint-Denis, Ile-de-France, France", "address": "Stade de France, Avenue du Stade de France, 93200, Avenue du Stade de France, Saint-Denis, Île-de-France, France" }, "geometry": { "type": "Point", "coordinates": [ 2.3601325, 48.9244726 ] } },
{ "type": "Feature", "properties": { "city": "Clifton, New Jersey, United States", "address": "Clifton, New Jersey, United States" }, "geometry": { "type": "Point", "coordinates": [ -74.1637553, 40.8584328 ] } },
{ "type": "Feature", "properties": { "city": "Vitry-sur-Seine, Ile-de-France, France", "address": "Vitry-sur-Seine, 94400, Île-de-France, France" }, "geometry": { "type": "Point", "coordinates": [ 2.39164, 48.7876 ] } },
{ "type": "Feature", "properties": { "city": "Elma Center, New York, United States", "address": "Elma Center, 14059, New York, United States" }, "geometry": { "type": "Point", "coordinates": [ -78.636138, 42.8297816 ] } },
{ "type": "Feature", "properties": { "city": "Auburndale, Florida, United States", "address": "Auburndale, 33823, Florida, United States" }, "geometry": { "type": "Point", "coordinates": [ -81.7888642, 28.0653422 ] } },
{ "type": "Feature", "properties": { "city": "Utrecht, Utrecht, Netherlands", "address": "Utrecht, Utrecht, Nederland" }, "geometry": { "type": "Point", "coordinates": [ 5.1215634, 52.0907006 ] } },
{ "type": "Feature", "properties": { "city": "Poing, Bavaria, Germany", "address": "Poing, 85586, Bayern, Deutschland" }, "geometry": { "type": "Point", "coordinates": [ 11.803713, 48.1667467 ] } },
{ "type": "Feature", "properties": { "city": "Oulu, North Ostrobothnia, Finland", "address": "Oulu, Pohjois-Pohjanmaa, Suomi" }, "geometry": { "type": "Point", "coordinates": [ 25.4701973, 65.0117914 ] } },
{ "type": "Feature", "properties": { "city": "Erkrath, North Rhine-Westphalia, Germany", "address": "Erkrath, 40699, Nordrhein-Westfalen, Deutschland" }, "geometry": { "type": "Point", "coordinates": [ 6.9056079, 51.2209866 ] } },
{ "type": "Feature", "properties": { "city": "Bothell, Washington, United States", "address": "Bothell, Washington, United States" }, "geometry": { "type": "Point", "coordinates": [ -122.2054035, 47.7623204 ] } },
{ "type": "Feature", "properties": { "city": "Eastland, Texas, United States", "address": "Eastland, Texas, United States" }, "geometry": { "type": "Point", "coordinates": [ -98.8630896, 32.2978594 ] } },
{ "type": "Feature", "properties": { "city": "Buena Vista, Virginia, United States", "address": "Buena Vista, Virginia, United States" }, "geometry": { "type": "Point", "coordinates": [ -79.3539292, 37.7342962 ] } },
{ "type": "Feature", "properties": { "city": "Timoteo, State of Minas Gerais, Brazil", "address": "Escola Estadual Serafim Ribeiro de Rezende, Rua Benedito Valadares, 35690-000, Rua Benedito Valadares, Florestal, Minas Gerais, Brasil" }, "geometry": { "type": "Point", "coordinates": [ -44.4289549, -19.8873308 ] } },
{ "type": "Feature", "properties": { "city": "Blagnac, Occitanie, France", "address": "Blagnac, 31700, Occitanie, France" }, "geometry": { "type": "Point", "coordinates": [ 1.3986403, 43.6343476 ] } },
{ "type": "Feature", "properties": { "city": "Nanterre, Ile-de-France, France", "address": "Nanterre, 92000, Île-de-France, France" }, "geometry": { "type": "Point", "coordinates": [ 2.2071267, 48.8924273 ] } },
{ "type": "Feature", "properties": { "city": "Eynsham, England, United Kingdom", "address": "Eynsham, West Oxfordshire, England, United Kingdom" }, "geometry": { "type": "Point", "coordinates": [ -1.3826102, 51.7815319 ] } },
{ "type": "Feature", "properties": { "city": "Shinjuku City, Tokyo, Japan", "address": "東京オペラシティ, 山手通り, 160-0023, 山手通り, 東京都, 日本" }, "geometry": { "type": "Point", "coordinates": [ 139.6868949, 35.6828905 ] } },
{ "type": "Feature", "properties": { "city": "Wheatland, Iowa, United States", "address": "Wheatland, Iowa, United States" }, "geometry": { "type": "Point", "coordinates": [ -90.8382014, 41.8316906 ] } },
{ "type": "Feature", "properties": { "city": "Yulin, Guangxi, China", "address": "玉林市, 537000, 玉州区, 广西壮族自治区, 中国" }, "geometry": { "type": "Point", "coordinates": [ 110.1534945, 22.6347907 ] } },
{ "type": "Feature", "properties": { "city": "Mesick, Michigan, United States", "address": "Mesick, Michigan, United States" }, "geometry": { "type": "Point", "coordinates": [ -85.713401, 44.405282 ] } },
{ "type": "Feature", "properties": { "city": "Martha Lake, Washington, United States", "address": "Martha Lake, Alderwood Manor, Washington, United States" }, "geometry": { "type": "Point", "coordinates": [ -122.2363702, 47.8518945 ] } },
{ "type": "Feature", "properties": { "city": "Newark, Delaware, United States", "address": "University of Delaware, Pomeroy Trail, 19717, Pomeroy Trail, Newark, Delaware, United States" }, "geometry": { "type": "Point", "coordinates": [ -75.7530984, 39.6802837 ] } },
{ "type": "Feature", "properties": { "city": "Leeds, England, United Kingdom", "address": "Leeds, LS1 6AL, Leeds, England, United Kingdom" }, "geometry": { "type": "Point", "coordinates": [ -1.5437941, 53.7974185 ] } },
{ "type": "Feature", "properties": { "city": "Breda, North Brabant, Netherlands", "address": "Breda, Noord-Brabant, Nederland" }, "geometry": { "type": "Point", "coordinates": [ 4.7760237, 51.5887845 ] } },
{ "type": "Feature", "properties": { "city": "Riga, Riga, Latvia", "address": "Rīga, Latvija" }, "geometry": { "type": "Point", "coordinates": [ 24.1051846, 56.9493977 ] } },
{ "type": "Feature", "properties": { "city": "Echirolles, Auvergne-Rhone-Alpes, France", "address": "Échirolles, 38130, Auvergne-Rhône-Alpes, France" }, "geometry": { "type": "Point", "coordinates": [ 5.718687, 45.1481694 ] } },
{ "type": "Feature", "properties": { "city": "Corfu, Decentralized Administration of Peloponnese, Western Greece and the Ionian, Greece", "address": "Κέρκυρα, 49100, Αποκεντρωμένη Διοίκηση Πελοποννήσου, Δυτικής Ελλάδας και Ιονίου, Ελλάς" }, "geometry": { "type": "Point", "coordinates": [ 19.9180908, 39.6217347 ] } },
{ "type": "Feature", "properties": { "city": "Hitachi, Ibaraki, Japan", "address": "常陸国, 茨城県, 日本" }, "geometry": { "type": "Point", "coordinates": [ 140.3984326, 36.3420485 ] } },
{ "type": "Feature", "properties": { "city": "Grand Ledge, Michigan, United States", "address": "Grand Ledge, Michigan, United States" }, "geometry": { "type": "Point", "coordinates": [ -84.7463572, 42.7524401 ] } },
{ "type": "Feature", "properties": { "city": "Williamston, North Carolina, United States", "address": "Williamston, North Carolina, United States" }, "geometry": { "type": "Point", "coordinates": [ -77.0555114, 35.8546039 ] } },
{ "type": "Feature", "properties": { "city": "Wheaton, Illinois, United States", "address": "Wheaton, 60187, Illinois, United States" }, "geometry": { "type": "Point", "coordinates": [ -88.1101709, 41.8646959 ] } },
{ "type": "Feature", "properties": { "city": "Anaheim, California, United States", "address": "Anaheim, California, United States" }, "geometry": { "type": "Point", "coordinates": [ -117.911732, 33.8347516 ] } },
{ "type": "Feature", "properties": { "city": "Virginia Beach, Virginia, United States", "address": "Virginia Beach, Virginia, United States" }, "geometry": { "type": "Point", "coordinates": [ -75.9760751, 36.8496579 ] } },
{ "type": "Feature", "properties": { "city": "Great Yarmouth, England, United Kingdom", "address": "Great Yarmouth, NR30 2AH, Great Yarmouth, England, United Kingdom" }, "geometry": { "type": "Point", "coordinates": [ 1.7314845, 52.6071742 ] } }
]
}
